Customer ID,Name,Email,Billing Address,Shipping Address,Credit Limit,Open AR,Currency,Status
C-1001,Helios Print AG,noah.meier@sampleco.com,"Hauptstr. 22, 43850 Muenchen, DE","Dorfstr. 52, 88558 Hannover, DE",3000.0,1305.71,EUR,On Hold
C-1002,Delta Distributors SE,mia.mueller@sampleco.com,"Mozartstr. 77, 28705 Hannover, DE","Wiesenweg 24, 91685 Bremen, DE",15000.0,9478.25,EUR,Active
C-1003,Aero Distributors GmbH,lara.becker@mailtest.net,"Gartenweg 14, 12170 Koeln, DE","Dorfstr. 111, 76107 Bremen, DE",30000.0,0.0,EUR,Active
C-1004,Euro Distributors GmbH,ben.schaefer@example.com,"Bahnhofstr. 62, 96427 Muenchen, DE","Feldweg 70, 10157 Bremen, DE",30000.0,10877.82,CHF,Active
C-1005,Nord Commerce SE,lara.hoffmann@mailtest.net,"Goethestr. 76, 85513 Hamburg, DE","Mozartstr. 18, 43360 Dresden, DE",10000.0,1198.71,EUR,Active
C-1006,Summit Supplies KG,luca.meier@example.com,"Feldweg 67, 25444 Leipzig, DE","Hauptstr. 49, 95792 Koeln, DE",20000.0,3051.5,CHF,Active
C-1007,Prime Supplies KG,niklas.schaefer@mailtest.net,"Feldweg 47, 90200 Frankfurt, DE","Koenigsallee 51, 36698 Duesseldorf, DE",50000.0,6576.06,EUR,Active
C-1008,Summit Distributors KG,fiona.koch@paperhub.io,"Wiesenweg 91, 62183 Nuernberg, DE","Gartenweg 110, 96413 Hamburg, DE",10000.0,772.02,CHF,Active
C-1009,Euro Packaging AG,noah.becker@paperhub.io,"Wiesenweg 71, 90481 Nuernberg, DE","Koenigsallee 91, 16822 Muenchen, DE",30000.0,7791.13,EUR,Active
C-1010,Prime Distributors SE,lena.schmidt@paperhub.io,"Berliner Allee 48, 20490 Hannover, DE","Hauptstr. 93, 60374 Duesseldorf, DE",15000.0,1257.15,EUR,On Hold
C-1011,Euro Distributors SE,anna.fischer@paperhub.io,"Berliner Allee 5, 88579 Leipzig, DE","Dorfstr. 90, 40365 Hannover, DE",8000.0,2432.73,EUR,Active
C-1012,ACME Print GmbH,niklas.becker@paperhub.io,"Koenigsallee 51, 63143 Hannover, DE","Berliner Allee 67, 12014 Nuernberg, DE",5000.0,1199.76,EUR,Active
C-1013,Summit Solutions KG,tim.weber@sampleco.com,"Feldweg 25, 69606 Duesseldorf, DE","Feldweg 1, 44223 Muenchen, DE",30000.0,6066.31,EUR,Active
C-1014,Vertex Industries KG,maria.schaefer@paperhub.io,"Dorfstr. 105, 85352 Frankfurt, DE","Marktplatz 57, 59424 Hannover, DE",50000.0,3424.36,EUR,Active
C-1015,Pioneer Distributors GmbH,mia.schmidt@paperhub.io,"Bahnhofstr. 49, 93055 Koeln, DE","Koenigsallee 90, 40137 Stuttgart, DE",30000.0,4039.37,EUR,Active
C-1016,ACME Industries AG,fiona.schmidt@mailtest.net,"Koenigsallee 96, 54825 Hamburg, DE","Dorfstr. 120, 33394 Dresden, DE",20000.0,8021.56,EUR,Active
C-1017,Helios Industries AG,luca.hoffmann@sampleco.com,"Berliner Allee 95, 41726 Frankfurt, DE","Berliner Allee 30, 36577 Koeln, DE",20000.0,7003.67,EUR,Active
C-1018,Eco Packaging SE,amelie.meier@example.com,"Ringstr. 48, 91352 Stuttgart, DE","Ringstr. 115, 85303 Frankfurt, DE",50000.0,2724.45,EUR,On Hold
C-1019,Vertex Industries SE,lara.koch@sampleco.com,"Hauptstr. 68, 65466 Dresden, DE","Dorfstr. 5, 75860 Stuttgart, DE",30000.0,8095.99,EUR,Active
C-1020,Eco Commerce SE,sarah.richter@example.com,"Hauptstr. 87, 37623 Duesseldorf, DE","Feldweg 13, 52655 Stuttgart, DE",15000.0,6004.16,EUR,Active
C-1021,Alpha Industries SE,amelie.wagner@paperhub.io,"Gartenweg 64, 65567 Koeln, DE","Mozartstr. 90, 58799 Stuttgart, DE",30000.0,0.0,EUR,Active
C-1022,Helios Print AG,maria.richter@paperhub.io,"Wiesenweg 31, 82789 Duesseldorf, DE","Mozartstr. 26, 29116 Nuernberg, DE",8000.0,2869.38,CHF,Active
C-1023,Euro Supplies SE,peter.bauer@paperhub.io,"Wiesenweg 63, 49326 Frankfurt, DE","Dorfstr. 110, 84427 Berlin, DE",30000.0,3524.26,EUR,Active
C-1024,Nord Logistics KG,mia.bauer@example.com,"Ringstr. 96, 53864 Frankfurt, DE","Goethestr. 47, 83446 Leipzig, DE",15000.0,5461.8,EUR,Active
C-1025,Eco Trading AG,luis.koch@sampleco.com,"Wiesenweg 37, 56544 Stuttgart, DE","Koenigsallee 66, 73896 Nuernberg, DE",50000.0,4867.41,EUR,Active
C-1026,Nova Distributors AG,paul.bauer@paperhub.io,"Mozartstr. 81, 90256 Hannover, DE","Mozartstr. 109, 19351 Hamburg, DE",8000.0,0.0,EUR,Active
C-1027,Aero Industries KG,amelie.bauer@mailtest.net,"Lindenstr. 114, 68313 Stuttgart, DE","Marktplatz 76, 78280 Dresden, DE",30000.0,0.0,EUR,Active
C-1028,ACME Print AG,niklas.richter@example.com,"Berliner Allee 22, 62041 Hamburg, DE","Bahnhofstr. 9, 72021 Leipzig, DE",3000.0,778.85,EUR,Active
C-1029,Vertex Packaging GmbH,niklas.koch@sampleco.com,"Bahnhofstr. 84, 61097 Frankfurt, DE","Berliner Allee 32, 47247 Dresden, DE",8000.0,2415.56,EUR,Active
C-1030,Euro Paper GmbH,tim.wagner@mailtest.net,"Ringstr. 112, 80855 Frankfurt, DE","Dorfstr. 57, 27709 Nuernberg, DE",8000.0,553.09,CHF,Active
C-1031,Helios Supplies KG,tim.hoffmann@sampleco.com,"Wiesenweg 12, 67915 Frankfurt, DE","Goethestr. 53, 44053 Muenchen, DE",15000.0,5665.78,EUR,Active
C-1032,Prime Trading KG,mia.schaefer@example.com,"Marktplatz 119, 74478 Dresden, DE","Lindenstr. 2, 66418 Frankfurt, DE",10000.0,0.0,EUR,Active
C-1033,Delta Supplies SE,julia.fischer@sampleco.com,"Marktplatz 95, 94671 Duesseldorf, DE","Mozartstr. 29, 44469 Hamburg, DE",30000.0,7103.52,EUR,Active
C-1034,Cobalt Industries KG,ben.weber@mailtest.net,"Berliner Allee 110, 18973 Muenchen, DE","Gartenweg 38, 24464 Bremen, DE",50000.0,389.84,CHF,Active
C-1035,Cobalt Distributors AG,sarah.meier@sampleco.com,"Hauptstr. 69, 12900 Muenchen, DE","Bahnhofstr. 37, 45283 Muenchen, DE",50000.0,5981.64,EUR,Active
C-1036,Prime Paper SE,luca.wagner@mailtest.net,"Lindenstr. 101, 75325 Stuttgart, DE","Ringstr. 90, 14159 Stuttgart, DE",5000.0,1297.4,EUR,Active
C-1037,Orion Packaging SE,paul.fischer@paperhub.io,"Mozartstr. 107, 11653 Hamburg, DE","Wiesenweg 92, 42631 Duesseldorf, DE",50000.0,3895.87,EUR,Active
C-1038,Nord Logistics SE,maria.schaefer@sampleco.com,"Ringstr. 50, 99318 Frankfurt, DE","Goethestr. 21, 92465 Nuernberg, DE",3000.0,519.27,EUR,Active
C-1039,Nova Logistics KG,max.bauer@sampleco.com,"Bahnhofstr. 31, 92956 Duesseldorf, DE","Goethestr. 2, 31936 Frankfurt, DE",5000.0,2256.29,CHF,Active
C-1040,ACME Paper SE,amelie.mueller@paperhub.io,"Wiesenweg 12, 42600 Muenchen, DE","Ringstr. 12, 99908 Hannover, DE",20000.0,2692.43,EUR,Active
C-1041,Prime Commerce GmbH,peter.hoffmann@sampleco.com,"Goethestr. 72, 94495 Stuttgart, DE","Wiesenweg 115, 67503 Nuernberg, DE",10000.0,4171.38,EUR,Active
C-1042,Vector Print KG,max.hoffmann@mailtest.net,"Dorfstr. 38, 81137 Nuernberg, DE","Ringstr. 25, 84278 Muenchen, DE",20000.0,481.17,EUR,Active
C-1043,Beta Solutions AG,lena.schaefer@sampleco.com,"Ringstr. 38, 44517 Leipzig, DE","Goethestr. 59, 10094 Bremen, DE",30000.0,10678.83,EUR,Active
C-1044,Cobalt Trading AG,sarah.richter@example.com,"Koenigsallee 69, 60789 Koeln, DE","Dorfstr. 88, 75214 Leipzig, DE",8000.0,4306.51,EUR,Active
C-1045,Aero Packaging GmbH,noah.bauer@example.com,"Hauptstr. 107, 27009 Muenchen, DE","Hauptstr. 26, 24031 Dresden, DE",10000.0,0.0,EUR,Active
C-1046,Orion Distributors KG,max.wagner@sampleco.com,"Feldweg 92, 19289 Berlin, DE","Berliner Allee 84, 74409 Hamburg, DE",50000.0,4531.05,EUR,Active
C-1047,Atlas Trading GmbH,amelie.weber@example.com,"Marktplatz 10, 49833 Hamburg, DE","Berliner Allee 67, 22729 Hamburg, DE",10000.0,3654.14,CHF,Active
C-1048,Vertex Logistics AG,ben.richter@mailtest.net,"Marktplatz 14, 93705 Hannover, DE","Goethestr. 87, 70125 Nuernberg, DE",30000.0,6281.73,EUR,Active
C-1049,Euro Commerce SE,noah.wagner@sampleco.com,"Dorfstr. 77, 68066 Stuttgart, DE","Goethestr. 71, 52553 Stuttgart, DE",30000.0,9726.88,CHF,Active
C-1050,Aero Solutions AG,luis.schaefer@sampleco.com,"Mozartstr. 99, 82120 Nuernberg, DE","Lindenstr. 47, 69297 Dresden, DE",30000.0,3876.09,EUR,Active
C-1051,Nova Solutions GmbH,noah.mueller@paperhub.io,"Hauptstr. 39, 39083 Koeln, DE","Goethestr. 3, 46170 Leipzig, DE",8000.0,2138.54,EUR,Active
C-1052,Vector Print AG,niklas.wagner@sampleco.com,"Berliner Allee 33, 49361 Hamburg, DE","Feldweg 52, 84588 Koeln, DE",5000.0,1094.32,EUR,Active
C-1053,Euro Distributors GmbH,amelie.bauer@paperhub.io,"Hauptstr. 94, 85534 Duesseldorf, DE","Bahnhofstr. 100, 17329 Stuttgart, DE",20000.0,9671.13,CHF,Active
C-1054,Eco Logistics GmbH,julia.meier@paperhub.io,"Dorfstr. 6, 51853 Leipzig, DE","Feldweg 20, 52838 Leipzig, DE",10000.0,3008.84,EUR,Active
C-1055,Orion Distributors GmbH,lara.becker@paperhub.io,"Wiesenweg 51, 29400 Muenchen, DE","Goethestr. 11, 72371 Hannover, DE",3000.0,952.56,CHF,Active
C-1056,Orion Commerce SE,peter.mueller@mailtest.net,"Dorfstr. 26, 73944 Duesseldorf, DE","Koenigsallee 74, 35703 Leipzig, DE",10000.0,1676.25,EUR,Active
C-1057,Atlas Trading GmbH,maria.bauer@mailtest.net,"Mozartstr. 47, 55653 Koeln, DE","Goethestr. 45, 87840 Bremen, DE",3000.0,457.44,EUR,Active
C-1058,Vector Solutions SE,amelie.mueller@mailtest.net,"Hauptstr. 119, 40603 Koeln, DE","Koenigsallee 48, 30446 Nuernberg, DE",5000.0,817.44,EUR,Active
C-1059,Alpha Solutions AG,fiona.meier@paperhub.io,"Marktplatz 103, 24585 Frankfurt, DE","Ringstr. 61, 12981 Stuttgart, DE",10000.0,3288.9,EUR,Active
C-1060,Vertex Industries SE,amelie.richter@sampleco.com,"Marktplatz 90, 97590 Berlin, DE","Mozartstr. 75, 96969 Leipzig, DE",3000.0,497.41,EUR,Active
C-1061,Nova Logistics KG,max.hoffmann@example.com,"Bahnhofstr. 50, 96556 Frankfurt, DE","Koenigsallee 110, 96520 Stuttgart, DE",5000.0,1539.77,EUR,Active
C-1062,Orion Logistics SE,noah.richter@example.com,"Goethestr. 63, 88263 Leipzig, DE","Bahnhofstr. 24, 36066 Leipzig, DE",50000.0,33254.01,EUR,Active
C-1063,Vertex Industries KG,mia.becker@sampleco.com,"Hauptstr. 45, 99694 Stuttgart, DE","Goethestr. 81, 49626 Koeln, DE",15000.0,6363.37,EUR,Active
C-1064,Orion Paper KG,lara.mueller@paperhub.io,"Mozartstr. 85, 27991 Hamburg, DE","Marktplatz 49, 78251 Bremen, DE",10000.0,1847.95,CHF,Active
C-1065,Prime Supplies KG,amelie.wagner@mailtest.net,"Dorfstr. 17, 37100 Bremen, DE","Gartenweg 75, 80956 Bremen, DE",10000.0,4902.43,EUR,Active
C-1066,Vertex Print SE,peter.bauer@sampleco.com,"Goethestr. 9, 83051 Leipzig, DE","Marktplatz 16, 34134 Stuttgart, DE",8000.0,1347.08,EUR,Active
C-1067,Atlas Supplies KG,leon.richter@paperhub.io,"Gartenweg 100, 34632 Hamburg, DE","Gartenweg 24, 13433 Hannover, DE",15000.0,0.0,EUR,Active
C-1068,Alpha Paper KG,lena.richter@mailtest.net,"Gartenweg 65, 89260 Dresden, DE","Marktplatz 84, 59015 Muenchen, DE",30000.0,1451.48,CHF,Active
C-1069,Euro Logistics AG,max.becker@example.com,"Lindenstr. 53, 39170 Nuernberg, DE","Koenigsallee 26, 36812 Hamburg, DE",8000.0,0.0,CHF,Active
C-1070,Quantum Trading SE,lara.becker@mailtest.net,"Wiesenweg 6, 89682 Nuernberg, DE","Mozartstr. 93, 51012 Duesseldorf, DE",3000.0,539.09,EUR,Active
C-1071,Nord Logistics SE,max.schaefer@mailtest.net,"Dorfstr. 98, 92660 Berlin, DE","Berliner Allee 38, 67613 Duesseldorf, DE",15000.0,3805.26,EUR,Active
C-1072,Atlas Industries GmbH,noah.mueller@mailtest.net,"Koenigsallee 58, 21854 Nuernberg, DE","Dorfstr. 15, 33562 Hannover, DE",8000.0,4682.3,CHF,Active
C-1073,Pioneer Paper AG,leon.koch@sampleco.com,"Ringstr. 12, 42778 Stuttgart, DE","Marktplatz 84, 31495 Nuernberg, DE",5000.0,1576.93,EUR,Active
C-1074,Pioneer Trading GmbH,noah.richter@mailtest.net,"Marktplatz 102, 77065 Hannover, DE","Gartenweg 49, 82134 Duesseldorf, DE",3000.0,618.54,EUR,On Hold
C-1075,Helios Print AG,peter.mueller@example.com,"Mozartstr. 40, 50569 Nuernberg, DE","Wiesenweg 58, 47851 Bremen, DE",8000.0,3327.05,EUR,Active
C-1076,Delta Paper KG,anna.hoffmann@mailtest.net,"Ringstr. 70, 10753 Hannover, DE","Ringstr. 31, 38426 Hannover, DE",50000.0,0.0,CHF,Active
C-1077,Paper Solutions GmbH,lara.schaefer@paperhub.io,"Feldweg 81, 83079 Koeln, DE","Hauptstr. 24, 29432 Berlin, DE",20000.0,5942.46,EUR,Active
C-1078,Nord Solutions KG,sarah.schmidt@example.com,"Bahnhofstr. 54, 33363 Muenchen, DE","Koenigsallee 37, 90096 Bremen, DE",8000.0,3233.38,CHF,Active
C-1079,Vector Paper GmbH,fiona.wagner@paperhub.io,"Mozartstr. 105, 18869 Duesseldorf, DE","Dorfstr. 9, 48382 Dresden, DE",8000.0,0.0,EUR,Active
C-1080,Beta Trading SE,noah.fischer@sampleco.com,"Feldweg 8, 24326 Hannover, DE","Marktplatz 81, 79330 Hamburg, DE",50000.0,23937.54,EUR,Active
C-1081,Aero Industries KG,peter.koch@mailtest.net,"Dorfstr. 94, 92818 Dresden, DE","Ringstr. 104, 33580 Hannover, DE",10000.0,3176.99,EUR,On Hold
C-1082,ACME Packaging GmbH,leon.bauer@example.com,"Marktplatz 109, 37175 Hannover, DE","Mozartstr. 53, 15962 Stuttgart, DE",20000.0,3338.85,EUR,Active
C-1083,Delta Industries KG,lena.weber@paperhub.io,"Dorfstr. 71, 52457 Berlin, DE","Bahnhofstr. 88, 53684 Stuttgart, DE",30000.0,11296.69,EUR,Active
C-1084,Delta Trading KG,mia.hoffmann@example.com,"Koenigsallee 18, 73110 Muenchen, DE","Koenigsallee 59, 80381 Stuttgart, DE",50000.0,35206.93,CHF,On Hold
C-1085,Nord Commerce KG,luis.richter@paperhub.io,"Dorfstr. 69, 12453 Koeln, DE","Feldweg 88, 53479 Stuttgart, DE",5000.0,1431.87,EUR,Active
C-1086,ACME Trading SE,ben.mueller@mailtest.net,"Gartenweg 77, 25315 Frankfurt, DE","Marktplatz 110, 51222 Nuernberg, DE",3000.0,898.93,EUR,Active
C-1087,Quantum Logistics KG,leon.weber@sampleco.com,"Dorfstr. 39, 32939 Hamburg, DE","Goethestr. 101, 14901 Koeln, DE",5000.0,790.64,CHF,Active
C-1088,Quantum Commerce AG,luca.wagner@mailtest.net,"Marktplatz 112, 78632 Frankfurt, DE","Wiesenweg 42, 28781 Hamburg, DE",8000.0,640.25,EUR,Active
C-1089,Pioneer Supplies GmbH,anna.weber@example.com,"Koenigsallee 109, 87894 Hamburg, DE","Goethestr. 60, 16047 Hamburg, DE",15000.0,6241.01,EUR,Active
C-1090,Nova Logistics KG,luca.fischer@paperhub.io,"Lindenstr. 69, 51831 Dresden, DE","Koenigsallee 16, 45737 Muenchen, DE",8000.0,630.27,EUR,Active
C-1091,Cobalt Commerce GmbH,luca.schaefer@paperhub.io,"Dorfstr. 41, 45527 Muenchen, DE","Marktplatz 103, 47128 Hannover, DE",10000.0,2643.13,EUR,Active
C-1092,Cobalt Trading SE,max.mueller@example.com,"Ringstr. 116, 98538 Berlin, DE","Bahnhofstr. 50, 17051 Hamburg, DE",30000.0,4634.06,CHF,Active
C-1093,Cobalt Solutions SE,amelie.wagner@paperhub.io,"Goethestr. 105, 35971 Nuernberg, DE","Wiesenweg 86, 79924 Hamburg, DE",50000.0,17289.8,EUR,Active
C-1094,Pioneer Packaging SE,fiona.bauer@mailtest.net,"Ringstr. 30, 39333 Muenchen, DE","Feldweg 34, 57638 Duesseldorf, DE",8000.0,2533.86,EUR,Active
C-1095,Aero Distributors SE,anna.schmidt@mailtest.net,"Bahnhofstr. 45, 72737 Dresden, DE","Gartenweg 37, 55693 Hannover, DE",8000.0,3660.06,EUR,Active
C-1096,Eco Trading GmbH,fiona.schaefer@mailtest.net,"Mozartstr. 76, 64190 Koeln, DE","Feldweg 32, 81820 Muenchen, DE",50000.0,7399.84,CHF,Active
C-1097,Delta Solutions SE,felix.koch@paperhub.io,"Dorfstr. 89, 40953 Muenchen, DE","Koenigsallee 86, 20209 Nuernberg, DE",50000.0,9801.25,EUR,Active
C-1098,Pioneer Trading GmbH,leon.mueller@paperhub.io,"Mozartstr. 9, 88415 Hamburg, DE","Koenigsallee 105, 88172 Duesseldorf, DE",20000.0,1084.95,CHF,Active
C-1099,Nord Packaging AG,peter.koch@example.com,"Wiesenweg 19, 96623 Muenchen, DE","Ringstr. 69, 48207 Duesseldorf, DE",50000.0,8057.07,EUR,Active
C-1100,Aero Industries KG,felix.richter@paperhub.io,"Bahnhofstr. 75, 11064 Hannover, DE","Dorfstr. 52, 26718 Frankfurt, DE",3000.0,976.38,EUR,On Hold
C-1101,Nord Paper KG,maria.weber@example.com,"Berliner Allee 56, 87353 Duesseldorf, DE","Koenigsallee 41, 60173 Duesseldorf, DE",30000.0,12041.93,CHF,Active
C-1102,Euro Distributors AG,luca.schaefer@mailtest.net,"Goethestr. 108, 64687 Muenchen, DE","Lindenstr. 112, 97826 Muenchen, DE",8000.0,524.54,EUR,Active
C-1103,ACME Print SE,felix.mueller@example.com,"Gartenweg 83, 64507 Dresden, DE","Wiesenweg 90, 89223 Duesseldorf, DE",8000.0,3391.37,CHF,Active
C-1104,Summit Distributors SE,tim.fischer@sampleco.com,"Mozartstr. 78, 10973 Hannover, DE","Ringstr. 109, 41031 Nuernberg, DE",15000.0,7816.91,CHF,On Hold
C-1105,Helios Trading GmbH,max.koch@mailtest.net,"Marktplatz 48, 24832 Hannover, DE","Ringstr. 89, 20494 Muenchen, DE",15000.0,4990.3,CHF,Active
C-1106,Vertex Solutions GmbH,lara.hoffmann@example.com,"Koenigsallee 82, 80673 Hannover, DE","Lindenstr. 79, 16917 Stuttgart, DE",3000.0,1876.08,CHF,Active
C-1107,Quantum Solutions KG,felix.wagner@paperhub.io,"Lindenstr. 22, 14630 Nuernberg, DE","Feldweg 96, 49855 Nuernberg, DE",15000.0,1428.63,EUR,Active
C-1108,Helios Print GmbH,fiona.richter@example.com,"Lindenstr. 63, 20814 Muenchen, DE","Dorfstr. 10, 46418 Frankfurt, DE",8000.0,8.55,EUR,Active
C-1109,Beta Paper GmbH,amelie.mueller@sampleco.com,"Koenigsallee 58, 58466 Muenchen, DE","Lindenstr. 101, 40958 Dresden, DE",8000.0,0.0,EUR,Active
C-1110,Paper Print AG,mia.becker@mailtest.net,"Berliner Allee 85, 67695 Nuernberg, DE","Koenigsallee 22, 37637 Hannover, DE",20000.0,10984.18,EUR,Active
C-1111,Eco Paper AG,leon.becker@mailtest.net,"Lindenstr. 61, 79798 Koeln, DE","Mozartstr. 88, 61127 Dresden, DE",15000.0,5713.1,EUR,Active
C-1112,Atlas Paper KG,leon.becker@paperhub.io,"Dorfstr. 88, 15376 Hamburg, DE","Dorfstr. 82, 56376 Duesseldorf, DE",15000.0,3583.25,EUR,Active
C-1113,Eco Industries SE,leon.bauer@sampleco.com,"Marktplatz 87, 87165 Koeln, DE","Dorfstr. 44, 98829 Nuernberg, DE",8000.0,2447.95,EUR,Active
C-1114,ACME Packaging GmbH,felix.schmidt@example.com,"Koenigsallee 58, 56073 Koeln, DE","Marktplatz 37, 43016 Koeln, DE",3000.0,74.71,EUR,Active
C-1115,Nord Solutions AG,amelie.bauer@example.com,"Marktplatz 16, 21322 Hannover, DE","Gartenweg 49, 96034 Bremen, DE",8000.0,5913.2,EUR,Active
C-1116,Beta Industries SE,lena.bauer@mailtest.net,"Lindenstr. 99, 65965 Nuernberg, DE","Koenigsallee 99, 52389 Frankfurt, DE",8000.0,2206.75,EUR,Active
C-1117,Nord Supplies SE,sarah.meier@paperhub.io,"Lindenstr. 23, 67747 Hamburg, DE","Ringstr. 119, 36302 Hannover, DE",30000.0,8156.37,EUR,Active
C-1118,Eco Print SE,luca.koch@example.com,"Ringstr. 92, 43947 Hamburg, DE","Hauptstr. 10, 19229 Hannover, DE",15000.0,5927.3,CHF,Active
C-1119,Quantum Print GmbH,max.bauer@mailtest.net,"Lindenstr. 20, 53231 Duesseldorf, DE","Feldweg 1, 77552 Nuernberg, DE",50000.0,17310.09,CHF,Active
C-1120,Paper Commerce AG,anna.becker@mailtest.net,"Bahnhofstr. 73, 80163 Stuttgart, DE","Goethestr. 88, 49692 Duesseldorf, DE",3000.0,884.33,EUR,Active
C-1121,Aero Packaging SE,fiona.bauer@sampleco.com,"Gartenweg 71, 15155 Duesseldorf, DE","Koenigsallee 25, 49173 Nuernberg, DE",30000.0,2757.15,EUR,Active
C-1122,Vector Distributors GmbH,leon.richter@sampleco.com,"Gartenweg 5, 35309 Berlin, DE","Marktplatz 76, 41258 Dresden, DE",30000.0,10328.81,EUR,Active
C-1123,Nova Distributors SE,anna.meier@paperhub.io,"Hauptstr. 44, 15611 Duesseldorf, DE","Bahnhofstr. 28, 95701 Bremen, DE",50000.0,31320.24,EUR,Active
C-1124,Alpha Packaging GmbH,peter.hoffmann@example.com,"Ringstr. 117, 91051 Berlin, DE","Berliner Allee 90, 95037 Muenchen, DE",3000.0,1557.25,EUR,Active
C-1125,Nova Packaging SE,amelie.mueller@example.com,"Bahnhofstr. 15, 75161 Hannover, DE","Wiesenweg 79, 38910 Hamburg, DE",10000.0,5686.37,CHF,Active
C-1126,Orion Trading GmbH,luis.schaefer@sampleco.com,"Goethestr. 108, 37948 Berlin, DE","Feldweg 23, 53975 Hamburg, DE",5000.0,738.78,EUR,Active
C-1127,Atlas Print KG,ben.mueller@mailtest.net,"Berliner Allee 119, 86282 Berlin, DE","Gartenweg 13, 92863 Hannover, DE",30000.0,1562.37,EUR,Active
C-1128,Quantum Packaging GmbH,anna.mueller@example.com,"Marktplatz 84, 87821 Frankfurt, DE","Mozartstr. 89, 72391 Nuernberg, DE",8000.0,1798.74,EUR,Active
C-1129,Beta Commerce SE,felix.fischer@sampleco.com,"Feldweg 89, 14931 Hannover, DE","Gartenweg 92, 75521 Hannover, DE",5000.0,1305.72,EUR,Active
C-1130,ACME Commerce AG,luca.schmidt@example.com,"Feldweg 47, 80742 Leipzig, DE","Berliner Allee 60, 92111 Bremen, DE",10000.0,4688.38,EUR,Active
C-1131,Eco Print SE,mia.mueller@sampleco.com,"Koenigsallee 119, 15651 Berlin, DE","Koenigsallee 47, 47363 Koeln, DE",30000.0,0.0,EUR,Active
C-1132,Pioneer Paper GmbH,max.schaefer@sampleco.com,"Gartenweg 101, 13809 Dresden, DE","Dorfstr. 15, 19287 Koeln, DE",50000.0,27795.5,EUR,Active
C-1133,Aero Logistics GmbH,sarah.fischer@example.com,"Berliner Allee 95, 64079 Koeln, DE","Mozartstr. 115, 38922 Hamburg, DE",50000.0,10919.92,CHF,Active
C-1134,Atlas Print AG,amelie.hoffmann@sampleco.com,"Mozartstr. 48, 27878 Dresden, DE","Marktplatz 25, 92840 Stuttgart, DE",15000.0,2469.36,EUR,Active
C-1135,Nord Solutions GmbH,niklas.mueller@example.com,"Ringstr. 59, 64817 Muenchen, DE","Wiesenweg 44, 38816 Frankfurt, DE",8000.0,380.63,EUR,Active
C-1136,Summit Logistics GmbH,felix.schaefer@mailtest.net,"Berliner Allee 76, 72061 Dresden, DE","Lindenstr. 2, 66113 Nuernberg, DE",10000.0,0.0,EUR,Active
C-1137,Helios Logistics AG,luis.meier@mailtest.net,"Hauptstr. 6, 71689 Nuernberg, DE","Wiesenweg 65, 14406 Duesseldorf, DE",30000.0,12439.02,CHF,Active
C-1138,Eco Distributors SE,lara.schmidt@example.com,"Marktplatz 94, 63296 Koeln, DE","Gartenweg 46, 48769 Koeln, DE",5000.0,1323.32,EUR,Active
C-1139,Nova Print SE,luis.richter@example.com,"Ringstr. 60, 28169 Nuernberg, DE","Mozartstr. 24, 58551 Bremen, DE",50000.0,0.0,EUR,Active
C-1140,Paper Supplies KG,noah.meier@paperhub.io,"Mozartstr. 97, 45361 Nuernberg, DE","Feldweg 70, 85396 Koeln, DE",5000.0,0.0,EUR,Active
C-1141,Nord Commerce KG,max.schmidt@mailtest.net,"Goethestr. 60, 91151 Berlin, DE","Goethestr. 47, 32972 Bremen, DE",5000.0,914.22,EUR,Active
C-1142,Aero Logistics GmbH,mia.richter@sampleco.com,"Wiesenweg 96, 39548 Stuttgart, DE","Goethestr. 115, 45043 Leipzig, DE",30000.0,17514.13,EUR,Active
C-1143,Vector Trading SE,mia.schaefer@example.com,"Ringstr. 91, 79717 Bremen, DE","Dorfstr. 116, 48307 Dresden, DE",20000.0,3961.63,EUR,Active
C-1144,Pioneer Packaging GmbH,julia.mueller@paperhub.io,"Bahnhofstr. 14, 31596 Frankfurt, DE","Bahnhofstr. 90, 29392 Dresden, DE",8000.0,0.0,EUR,Active
C-1145,ACME Industries SE,ben.mueller@mailtest.net,"Goethestr. 54, 68177 Nuernberg, DE","Koenigsallee 3, 48209 Koeln, DE",5000.0,1004.26,EUR,Active
C-1146,Alpha Commerce KG,felix.koch@paperhub.io,"Koenigsallee 83, 52769 Dresden, DE","Feldweg 86, 79489 Leipzig, DE",50000.0,9772.76,CHF,Active
C-1147,Prime Industries AG,niklas.fischer@mailtest.net,"Goethestr. 37, 16202 Muenchen, DE","Goethestr. 37, 69759 Muenchen, DE",8000.0,0.0,EUR,Active
C-1148,Euro Print AG,lara.schmidt@example.com,"Goethestr. 74, 26577 Dresden, DE","Lindenstr. 48, 34182 Koeln, DE",3000.0,717.42,EUR,On Hold
C-1149,Prime Trading SE,ben.mueller@paperhub.io,"Bahnhofstr. 118, 13266 Duesseldorf, DE","Ringstr. 99, 29055 Dresden, DE",20000.0,4076.26,EUR,Active
C-1150,Summit Commerce KG,fiona.hoffmann@paperhub.io,"Wiesenweg 74, 97410 Muenchen, DE","Wiesenweg 73, 67947 Stuttgart, DE",5000.0,1946.21,CHF,On Hold
C-1151,Prime Commerce GmbH,fiona.meier@mailtest.net,"Feldweg 108, 38883 Dresden, DE","Goethestr. 12, 52777 Berlin, DE",10000.0,6197.91,EUR,Active
C-1152,Beta Logistics GmbH,lena.schaefer@mailtest.net,"Koenigsallee 86, 21452 Leipzig, DE","Mozartstr. 25, 74286 Stuttgart, DE",3000.0,1425.94,EUR,Active
C-1153,Atlas Trading SE,tim.meier@paperhub.io,"Goethestr. 45, 50381 Dresden, DE","Dorfstr. 12, 38271 Nuernberg, DE",50000.0,9811.11,CHF,Active
C-1154,Nova Print SE,felix.mueller@example.com,"Gartenweg 27, 49745 Dresden, DE","Dorfstr. 43, 18665 Hannover, DE",30000.0,860.84,EUR,Active
C-1155,Beta Supplies AG,ben.hoffmann@sampleco.com,"Berliner Allee 24, 60039 Frankfurt, DE","Dorfstr. 63, 15535 Frankfurt, DE",15000.0,11470.08,CHF,Active
C-1156,Pioneer Logistics GmbH,anna.mueller@paperhub.io,"Lindenstr. 82, 93435 Dresden, DE","Bahnhofstr. 84, 97282 Frankfurt, DE",30000.0,7855.31,EUR,Active
C-1157,Alpha Paper GmbH,niklas.hoffmann@example.com,"Feldweg 96, 57416 Hannover, DE","Ringstr. 73, 67156 Frankfurt, DE",50000.0,12639.29,EUR,Active
C-1158,Helios Paper KG,paul.koch@example.com,"Gartenweg 41, 70429 Nuernberg, DE","Gartenweg 46, 31405 Berlin, DE",15000.0,3677.62,EUR,Active
C-1159,Vector Paper KG,fiona.schaefer@example.com,"Dorfstr. 25, 92317 Muenchen, DE","Wiesenweg 13, 88480 Muenchen, DE",20000.0,5792.34,EUR,Active
C-1160,Nova Industries KG,maria.schaefer@paperhub.io,"Gartenweg 2, 27950 Leipzig, DE","Lindenstr. 48, 73556 Duesseldorf, DE",20000.0,4422.56,EUR,Active
C-1161,Prime Commerce AG,luca.schaefer@example.com,"Mozartstr. 59, 20013 Hamburg, DE","Gartenweg 119, 12277 Dresden, DE",20000.0,2705.35,EUR,Active
C-1162,Prime Distributors KG,paul.richter@paperhub.io,"Hauptstr. 96, 25544 Koeln, DE","Gartenweg 110, 28659 Nuernberg, DE",10000.0,1406.28,EUR,Active
C-1163,Prime Packaging SE,maria.schmidt@example.com,"Wiesenweg 62, 66524 Berlin, DE","Berliner Allee 14, 14298 Bremen, DE",3000.0,730.35,CHF,Active
C-1164,Beta Paper GmbH,fiona.bauer@example.com,"Wiesenweg 13, 26225 Hannover, DE","Berliner Allee 76, 36217 Muenchen, DE",20000.0,2826.3,EUR,Active
C-1165,Beta Solutions KG,tim.mueller@sampleco.com,"Dorfstr. 73, 18957 Hamburg, DE","Feldweg 98, 11832 Leipzig, DE",10000.0,1074.31,EUR,On Hold
C-1166,Euro Commerce GmbH,maria.fischer@mailtest.net,"Goethestr. 90, 87251 Muenchen, DE","Ringstr. 87, 24067 Muenchen, DE",20000.0,5425.72,CHF,Active
C-1167,Vertex Logistics SE,maria.wagner@example.com,"Ringstr. 15, 78121 Muenchen, DE","Ringstr. 98, 57349 Nuernberg, DE",15000.0,2985.07,EUR,Active
C-1168,Quantum Packaging SE,fiona.hoffmann@paperhub.io,"Koenigsallee 108, 68190 Koeln, DE","Dorfstr. 53, 48088 Duesseldorf, DE",10000.0,5507.99,EUR,Active
C-1169,Quantum Trading AG,anna.bauer@mailtest.net,"Koenigsallee 14, 61952 Dresden, DE","Dorfstr. 85, 98672 Hamburg, DE",5000.0,0.0,EUR,Active
C-1170,Helios Packaging AG,lena.wagner@sampleco.com,"Goethestr. 26, 87982 Duesseldorf, DE","Bahnhofstr. 30, 65666 Nuernberg, DE",50000.0,23415.07,EUR,Active
C-1171,Helios Solutions KG,julia.wagner@mailtest.net,"Koenigsallee 78, 63011 Dresden, DE","Dorfstr. 36, 29316 Dresden, DE",5000.0,2496.09,EUR,Active
C-1172,Quantum Logistics AG,anna.schmidt@example.com,"Bahnhofstr. 64, 98880 Berlin, DE","Gartenweg 49, 89244 Bremen, DE",20000.0,0.0,EUR,Active
C-1173,Cobalt Packaging GmbH,noah.hoffmann@mailtest.net,"Berliner Allee 38, 96781 Dresden, DE","Ringstr. 65, 44296 Leipzig, DE",20000.0,3629.25,EUR,On Hold
C-1174,Nord Supplies GmbH,julia.hoffmann@paperhub.io,"Mozartstr. 57, 70248 Berlin, DE","Hauptstr. 23, 82963 Bremen, DE",15000.0,2635.68,EUR,Active
C-1175,Prime Industries SE,mia.schmidt@mailtest.net,"Koenigsallee 71, 99833 Leipzig, DE","Feldweg 61, 72378 Leipzig, DE",8000.0,0.0,EUR,Active
C-1176,Quantum Solutions SE,amelie.bauer@paperhub.io,"Wiesenweg 37, 52006 Berlin, DE","Hauptstr. 76, 15913 Muenchen, DE",20000.0,1888.73,EUR,Active
C-1177,Helios Paper KG,julia.schmidt@mailtest.net,"Goethestr. 46, 63992 Stuttgart, DE","Hauptstr. 85, 42011 Koeln, DE",10000.0,278.85,EUR,Active
C-1178,Paper Industries GmbH,sarah.mueller@example.com,"Dorfstr. 42, 14899 Dresden, DE","Koenigsallee 111, 65374 Hannover, DE",30000.0,18013.62,EUR,Active
C-1179,Quantum Solutions GmbH,sarah.becker@mailtest.net,"Goethestr. 74, 22809 Dresden, DE","Bahnhofstr. 89, 98488 Koeln, DE",20000.0,8742.71,CHF,Active
C-1180,Aero Print KG,tim.becker@sampleco.com,"Ringstr. 82, 19872 Leipzig, DE","Berliner Allee 37, 44754 Berlin, DE",15000.0,7564.67,CHF,Active
C-1181,Cobalt Packaging GmbH,luis.wagner@paperhub.io,"Bahnhofstr. 73, 79607 Dresden, DE","Mozartstr. 27, 55523 Hamburg, DE",15000.0,5915.02,EUR,Active
C-1182,Summit Trading AG,felix.becker@paperhub.io,"Feldweg 66, 69405 Bremen, DE","Wiesenweg 71, 33671 Berlin, DE",8000.0,193.52,CHF,Active
C-1183,Pioneer Industries SE,luis.richter@example.com,"Dorfstr. 26, 57746 Dresden, DE","Gartenweg 31, 29722 Nuernberg, DE",15000.0,2176.44,CHF,Active
C-1184,Paper Logistics SE,niklas.weber@sampleco.com,"Lindenstr. 88, 88804 Koeln, DE","Mozartstr. 31, 24884 Muenchen, DE",10000.0,3478.75,EUR,Active
C-1185,Nova Distributors SE,ben.becker@mailtest.net,"Koenigsallee 116, 14850 Koeln, DE","Gartenweg 35, 27882 Berlin, DE",15000.0,83.62,EUR,Active
C-1186,Euro Paper SE,anna.meier@example.com,"Goethestr. 78, 49056 Hamburg, DE","Mozartstr. 115, 57636 Bremen, DE",5000.0,1963.0,CHF,On Hold
C-1187,Prime Logistics GmbH,luis.richter@example.com,"Dorfstr. 86, 86076 Leipzig, DE","Lindenstr. 64, 21829 Koeln, DE",5000.0,1009.67,EUR,Active
C-1188,Helios Supplies AG,felix.fischer@sampleco.com,"Bahnhofstr. 23, 38063 Frankfurt, DE","Ringstr. 53, 43332 Hannover, DE",3000.0,525.11,CHF,Active
C-1189,Eco Trading SE,mia.bauer@sampleco.com,"Lindenstr. 113, 28993 Stuttgart, DE","Ringstr. 92, 58200 Frankfurt, DE",3000.0,1176.58,EUR,Active
C-1190,Nord Logistics KG,ben.becker@paperhub.io,"Koenigsallee 90, 57560 Bremen, DE","Bahnhofstr. 69, 40983 Dresden, DE",30000.0,10165.58,EUR,On Hold
C-1191,Orion Industries KG,lena.fischer@paperhub.io,"Berliner Allee 111, 31001 Dresden, DE","Koenigsallee 41, 94466 Duesseldorf, DE",3000.0,533.42,EUR,Active
C-1192,Quantum Distributors SE,sarah.richter@mailtest.net,"Bahnhofstr. 106, 31016 Nuernberg, DE","Lindenstr. 65, 18698 Stuttgart, DE",30000.0,14455.98,EUR,Active
C-1193,ACME Paper AG,leon.bauer@sampleco.com,"Hauptstr. 52, 36224 Bremen, DE","Lindenstr. 41, 85472 Hamburg, DE",5000.0,168.94,EUR,Active
C-1194,Prime Solutions SE,sarah.hoffmann@mailtest.net,"Marktplatz 18, 44167 Muenchen, DE","Koenigsallee 76, 52936 Frankfurt, DE",10000.0,3731.87,EUR,Active
C-1195,Euro Supplies SE,luis.fischer@example.com,"Hauptstr. 119, 83207 Bremen, DE","Feldweg 81, 39977 Hamburg, DE",50000.0,18431.01,EUR,Active
C-1196,Euro Paper SE,amelie.becker@paperhub.io,"Gartenweg 12, 58224 Muenchen, DE","Feldweg 16, 11850 Nuernberg, DE",30000.0,5642.72,CHF,Active
C-1197,Quantum Packaging AG,luca.fischer@paperhub.io,"Lindenstr. 96, 74771 Duesseldorf, DE","Gartenweg 56, 37080 Hannover, DE",10000.0,3152.27,EUR,Active
C-1198,Delta Supplies AG,felix.mueller@example.com,"Lindenstr. 34, 40865 Hannover, DE","Ringstr. 117, 42547 Stuttgart, DE",50000.0,0.0,EUR,Active
C-1199,Prime Trading SE,luca.richter@mailtest.net,"Marktplatz 55, 88275 Frankfurt, DE","Bahnhofstr. 13, 83007 Berlin, DE",3000.0,1304.42,EUR,On Hold
C-1200,Quantum Trading GmbH,anna.weber@mailtest.net,"Lindenstr. 51, 97983 Stuttgart, DE","Gartenweg 115, 83342 Berlin, DE",8000.0,1704.16,EUR,Active
C-1201,Quantum Trading SE,peter.schmidt@paperhub.io,"Marktplatz 68, 66744 Muenchen, DE","Lindenstr. 15, 51060 Berlin, DE",8000.0,1163.64,CHF,Active
C-1202,Beta Trading SE,fiona.weber@paperhub.io,"Dorfstr. 41, 67117 Muenchen, DE","Goethestr. 95, 74392 Muenchen, DE",50000.0,22990.09,EUR,Active
C-1203,Nord Logistics AG,max.hoffmann@paperhub.io,"Gartenweg 91, 71228 Duesseldorf, DE","Bahnhofstr. 115, 74868 Berlin, DE",50000.0,5456.56,EUR,On Hold
C-1204,Summit Distributors SE,mia.schmidt@sampleco.com,"Bahnhofstr. 45, 22265 Koeln, DE","Lindenstr. 24, 32058 Nuernberg, DE",15000.0,0.0,EUR,Active
C-1205,ACME Commerce AG,felix.schmidt@sampleco.com,"Wiesenweg 64, 98723 Hamburg, DE","Goethestr. 4, 47261 Bremen, DE",5000.0,0.0,CHF,Active
C-1206,Eco Trading AG,anna.schmidt@mailtest.net,"Marktplatz 85, 72895 Dresden, DE","Koenigsallee 35, 87883 Bremen, DE",3000.0,1113.61,EUR,On Hold
C-1207,Cobalt Distributors KG,luis.mueller@sampleco.com,"Hauptstr. 103, 94363 Frankfurt, DE","Goethestr. 103, 17279 Nuernberg, DE",5000.0,0.0,CHF,Active
C-1208,Beta Print AG,julia.schmidt@example.com,"Berliner Allee 21, 60921 Duesseldorf, DE","Lindenstr. 83, 95729 Muenchen, DE",5000.0,3004.79,EUR,Active
C-1209,Atlas Industries AG,tim.bauer@example.com,"Goethestr. 66, 36197 Dresden, DE","Ringstr. 114, 60867 Dresden, DE",15000.0,0.0,CHF,Active
C-1210,Atlas Trading AG,felix.bauer@mailtest.net,"Bahnhofstr. 6, 77284 Stuttgart, DE","Ringstr. 87, 39390 Bremen, DE",8000.0,4714.33,CHF,Active
C-1211,Vertex Packaging KG,leon.becker@example.com,"Wiesenweg 62, 49373 Muenchen, DE","Gartenweg 88, 49375 Koeln, DE",30000.0,8766.1,EUR,Active
C-1212,Summit Packaging GmbH,noah.schmidt@mailtest.net,"Mozartstr. 13, 70903 Bremen, DE","Marktplatz 73, 43211 Stuttgart, DE",15000.0,3459.86,EUR,Active
C-1213,ACME Packaging SE,paul.mueller@mailtest.net,"Hauptstr. 11, 64558 Nuernberg, DE","Lindenstr. 41, 86966 Nuernberg, DE",50000.0,7050.81,CHF,Active
C-1214,Beta Trading AG,luca.mueller@example.com,"Marktplatz 78, 43989 Bremen, DE","Bahnhofstr. 56, 80041 Berlin, DE",3000.0,989.48,CHF,Active
C-1215,Euro Distributors SE,julia.bauer@mailtest.net,"Lindenstr. 80, 90837 Stuttgart, DE","Marktplatz 87, 98487 Duesseldorf, DE",15000.0,3637.1,EUR,Active
C-1216,ACME Logistics GmbH,anna.richter@sampleco.com,"Hauptstr. 27, 73060 Bremen, DE","Gartenweg 84, 41690 Duesseldorf, DE",10000.0,4706.6,EUR,Active
C-1217,Pioneer Print SE,felix.meier@example.com,"Gartenweg 116, 29978 Nuernberg, DE","Marktplatz 57, 73576 Dresden, DE",3000.0,818.54,CHF,Active
C-1218,Delta Industries SE,max.wagner@example.com,"Bahnhofstr. 81, 66595 Duesseldorf, DE","Ringstr. 95, 85846 Hannover, DE",15000.0,4200.91,EUR,Active
C-1219,Quantum Commerce SE,lara.richter@example.com,"Dorfstr. 3, 65312 Hannover, DE","Goethestr. 71, 18324 Frankfurt, DE",30000.0,5318.33,CHF,Active
C-1220,Cobalt Trading SE,felix.meier@sampleco.com,"Lindenstr. 93, 35192 Dresden, DE","Goethestr. 57, 40422 Leipzig, DE",10000.0,2386.11,EUR,On Hold
C-1221,Pioneer Print KG,julia.becker@paperhub.io,"Wiesenweg 61, 31237 Hannover, DE","Berliner Allee 37, 21297 Bremen, DE",50000.0,15578.02,EUR,Active
C-1222,Euro Solutions SE,maria.becker@mailtest.net,"Lindenstr. 31, 37450 Leipzig, DE","Hauptstr. 3, 57026 Frankfurt, DE",20000.0,0.0,EUR,Active
C-1223,Vertex Paper GmbH,sarah.becker@example.com,"Feldweg 30, 25818 Leipzig, DE","Berliner Allee 63, 43793 Stuttgart, DE",20000.0,0.0,EUR,Active
C-1224,Summit Industries AG,noah.koch@example.com,"Marktplatz 7, 67386 Dresden, DE","Wiesenweg 15, 23879 Hannover, DE",5000.0,1993.26,EUR,Active
C-1225,Euro Packaging AG,tim.mueller@paperhub.io,"Marktplatz 57, 76308 Dresden, DE","Marktplatz 112, 23014 Muenchen, DE",20000.0,5683.46,EUR,Active
C-1226,Eco Logistics SE,felix.meier@sampleco.com,"Wiesenweg 61, 54737 Frankfurt, DE","Dorfstr. 22, 21171 Frankfurt, DE",20000.0,4264.07,CHF,Active
C-1227,Alpha Print SE,lara.mueller@mailtest.net,"Mozartstr. 118, 63648 Dresden, DE","Dorfstr. 102, 99417 Stuttgart, DE",3000.0,761.06,CHF,Active
C-1228,ACME Commerce GmbH,lena.wagner@paperhub.io,"Mozartstr. 99, 31538 Duesseldorf, DE","Hauptstr. 51, 14861 Bremen, DE",8000.0,2556.13,EUR,On Hold
C-1229,Vertex Industries SE,julia.bauer@paperhub.io,"Marktplatz 96, 51116 Stuttgart, DE","Hauptstr. 106, 46671 Leipzig, DE",8000.0,1136.38,CHF,Active
C-1230,Delta Commerce SE,tim.bauer@mailtest.net,"Wiesenweg 26, 49522 Hamburg, DE","Hauptstr. 69, 53842 Duesseldorf, DE",8000.0,754.71,EUR,Active
C-1231,Vertex Commerce KG,noah.wagner@sampleco.com,"Hauptstr. 4, 80770 Hannover, DE","Lindenstr. 31, 49838 Nuernberg, DE",30000.0,8675.07,EUR,Active
C-1232,Vector Industries KG,maria.meier@example.com,"Ringstr. 39, 85030 Nuernberg, DE","Hauptstr. 59, 54430 Koeln, DE",10000.0,543.25,EUR,Active
C-1233,Helios Print SE,noah.richter@sampleco.com,"Bahnhofstr. 42, 77692 Hannover, DE","Berliner Allee 106, 57352 Dresden, DE",5000.0,1658.25,EUR,Active
C-1234,Atlas Packaging GmbH,max.becker@sampleco.com,"Ringstr. 28, 68479 Hamburg, DE","Goethestr. 87, 78977 Duesseldorf, DE",30000.0,0.0,EUR,Active
C-1235,Atlas Distributors SE,felix.mueller@sampleco.com,"Dorfstr. 17, 73539 Nuernberg, DE","Ringstr. 17, 77264 Leipzig, DE",5000.0,2279.16,EUR,Active
C-1236,Nord Print KG,maria.koch@mailtest.net,"Bahnhofstr. 16, 58442 Hannover, DE","Lindenstr. 6, 78521 Muenchen, DE",5000.0,1722.6,EUR,Active
C-1237,Vector Industries KG,mia.meier@sampleco.com,"Gartenweg 101, 87283 Duesseldorf, DE","Hauptstr. 120, 49998 Frankfurt, DE",10000.0,3012.06,EUR,Active
C-1238,Quantum Paper GmbH,ben.wagner@example.com,"Hauptstr. 54, 73068 Hannover, DE","Lindenstr. 73, 69293 Stuttgart, DE",30000.0,13396.15,CHF,Active
C-1239,Cobalt Print AG,noah.bauer@mailtest.net,"Wiesenweg 58, 97453 Dresden, DE","Gartenweg 111, 52626 Hamburg, DE",30000.0,17492.85,CHF,Active
C-1240,Orion Trading GmbH,leon.richter@paperhub.io,"Koenigsallee 12, 31707 Nuernberg, DE","Hauptstr. 74, 92589 Nuernberg, DE",15000.0,6793.11,EUR,Active
C-1241,Paper Logistics GmbH,luis.schaefer@sampleco.com,"Wiesenweg 61, 75881 Berlin, DE","Bahnhofstr. 85, 79711 Muenchen, DE",3000.0,0.0,EUR,Active
C-1242,Alpha Solutions SE,lena.schaefer@paperhub.io,"Mozartstr. 76, 15896 Dresden, DE","Hauptstr. 44, 67280 Muenchen, DE",30000.0,0.0,EUR,Active
C-1243,Aero Supplies KG,lena.schmidt@example.com,"Dorfstr. 22, 47401 Muenchen, DE","Gartenweg 33, 21747 Muenchen, DE",15000.0,1875.54,CHF,Active
C-1244,Nord Solutions KG,paul.meier@example.com,"Lindenstr. 50, 22942 Stuttgart, DE","Gartenweg 53, 52495 Frankfurt, DE",30000.0,7656.55,EUR,Active
C-1245,Alpha Solutions AG,mia.schaefer@mailtest.net,"Bahnhofstr. 35, 17947 Stuttgart, DE","Ringstr. 71, 63356 Hamburg, DE",50000.0,17676.59,EUR,Active
C-1246,Alpha Paper KG,ben.koch@example.com,"Berliner Allee 98, 82706 Bremen, DE","Wiesenweg 17, 49926 Hannover, DE",30000.0,3145.54,CHF,Active
C-1247,Vertex Logistics AG,tim.schaefer@sampleco.com,"Wiesenweg 32, 80455 Duesseldorf, DE","Dorfstr. 58, 15477 Berlin, DE",50000.0,14367.67,EUR,Active
C-1248,Euro Paper GmbH,mia.weber@paperhub.io,"Koenigsallee 49, 56061 Bremen, DE","Berliner Allee 75, 76889 Frankfurt, DE",3000.0,296.77,EUR,Active
C-1249,Helios Packaging KG,lena.becker@example.com,"Gartenweg 93, 82938 Frankfurt, DE","Mozartstr. 27, 90012 Leipzig, DE",20000.0,2553.93,EUR,Active
C-1250,Pioneer Industries AG,sarah.wagner@sampleco.com,"Ringstr. 77, 53051 Berlin, DE","Marktplatz 18, 94730 Berlin, DE",50000.0,0.0,EUR,On Hold
C-1251,Euro Supplies SE,julia.schaefer@example.com,"Wiesenweg 113, 95078 Bremen, DE","Bahnhofstr. 69, 14056 Bremen, DE",50000.0,3267.67,EUR,Active
C-1252,Orion Solutions KG,julia.mueller@example.com,"Bahnhofstr. 60, 58559 Koeln, DE","Ringstr. 2, 39035 Nuernberg, DE",3000.0,0.0,EUR,Active
C-1253,Vector Logistics GmbH,amelie.bauer@paperhub.io,"Wiesenweg 92, 38986 Koeln, DE","Ringstr. 47, 14822 Frankfurt, DE",50000.0,2741.27,EUR,Active
C-1254,Orion Packaging KG,luis.schaefer@mailtest.net,"Gartenweg 71, 35397 Bremen, DE","Marktplatz 73, 98103 Bremen, DE",8000.0,3685.83,EUR,Active
C-1255,Paper Print KG,luis.fischer@paperhub.io,"Berliner Allee 109, 98864 Berlin, DE","Marktplatz 87, 79853 Hannover, DE",15000.0,901.8,CHF,Active
C-1256,Atlas Paper KG,felix.becker@paperhub.io,"Bahnhofstr. 88, 77933 Dresden, DE","Ringstr. 47, 77797 Berlin, DE",10000.0,7764.76,EUR,Active
C-1257,Atlas Commerce SE,sarah.meier@mailtest.net,"Berliner Allee 43, 20722 Hannover, DE","Wiesenweg 4, 39573 Nuernberg, DE",30000.0,10459.91,EUR,On Hold
C-1258,Delta Print KG,fiona.schmidt@example.com,"Hauptstr. 62, 66616 Berlin, DE","Feldweg 103, 92090 Stuttgart, DE",15000.0,4304.51,EUR,Active
C-1259,Alpha Trading GmbH,sarah.schaefer@sampleco.com,"Bahnhofstr. 100, 88638 Hannover, DE","Ringstr. 98, 22539 Bremen, DE",50000.0,3916.42,EUR,Active
C-1260,Nord Paper SE,sarah.richter@example.com,"Wiesenweg 17, 18126 Dresden, DE","Hauptstr. 39, 90050 Bremen, DE",30000.0,11701.86,EUR,Active
C-1261,Nord Commerce GmbH,fiona.becker@mailtest.net,"Bahnhofstr. 80, 63884 Koeln, DE","Feldweg 101, 96471 Hannover, DE",3000.0,404.62,CHF,Active
C-1262,Atlas Solutions GmbH,sarah.bauer@example.com,"Ringstr. 67, 53017 Hannover, DE","Berliner Allee 14, 23459 Berlin, DE",5000.0,1372.01,EUR,On Hold
C-1263,Prime Commerce KG,tim.becker@mailtest.net,"Marktplatz 80, 68277 Muenchen, DE","Berliner Allee 18, 15776 Berlin, DE",8000.0,6096.14,EUR,Active
C-1264,Vertex Trading KG,luis.schaefer@sampleco.com,"Gartenweg 61, 50458 Hannover, DE","Goethestr. 38, 58343 Berlin, DE",8000.0,1846.3,EUR,Active
C-1265,Summit Paper SE,tim.fischer@sampleco.com,"Koenigsallee 117, 36379 Hamburg, DE","Goethestr. 25, 97537 Dresden, DE",50000.0,23992.73,EUR,Active
C-1266,Helios Trading KG,felix.wagner@sampleco.com,"Bahnhofstr. 59, 15530 Dresden, DE","Berliner Allee 118, 10484 Bremen, DE",10000.0,1093.65,EUR,Active
C-1267,Delta Logistics SE,sarah.richter@mailtest.net,"Berliner Allee 52, 34149 Berlin, DE","Goethestr. 2, 19664 Stuttgart, DE",3000.0,729.01,EUR,Active
C-1268,Pioneer Logistics KG,max.meier@sampleco.com,"Berliner Allee 37, 32825 Koeln, DE","Lindenstr. 93, 32843 Stuttgart, DE",10000.0,6041.6,EUR,Active
C-1269,Euro Industries GmbH,anna.bauer@sampleco.com,"Mozartstr. 84, 24544 Stuttgart, DE","Berliner Allee 40, 69795 Koeln, DE",20000.0,2492.13,EUR,Active
C-1270,Vertex Solutions SE,lena.schmidt@sampleco.com,"Gartenweg 102, 34856 Koeln, DE","Dorfstr. 49, 59054 Stuttgart, DE",30000.0,18374.69,EUR,On Hold
C-1271,Cobalt Solutions AG,ben.weber@sampleco.com,"Goethestr. 32, 16980 Bremen, DE","Wiesenweg 36, 26575 Leipzig, DE",50000.0,19577.52,EUR,Active
C-1272,Quantum Solutions GmbH,paul.schaefer@mailtest.net,"Wiesenweg 113, 94550 Leipzig, DE","Goethestr. 64, 78012 Dresden, DE",8000.0,1100.05,EUR,Active
C-1273,Vertex Distributors SE,mia.weber@mailtest.net,"Koenigsallee 118, 86543 Bremen, DE","Hauptstr. 27, 38773 Koeln, DE",50000.0,18824.08,EUR,Active
C-1274,Nova Supplies SE,luis.mueller@paperhub.io,"Lindenstr. 71, 21109 Muenchen, DE","Wiesenweg 11, 48672 Dresden, DE",20000.0,8890.22,EUR,Active
C-1275,Pioneer Commerce KG,felix.hoffmann@mailtest.net,"Mozartstr. 53, 58170 Dresden, DE","Goethestr. 35, 60118 Berlin, DE",8000.0,2994.9,CHF,Active
C-1276,Paper Trading GmbH,fiona.schaefer@example.com,"Wiesenweg 36, 39850 Hamburg, DE","Bahnhofstr. 10, 57216 Berlin, DE",10000.0,0.0,EUR,Active
C-1277,Aero Industries KG,niklas.fischer@sampleco.com,"Wiesenweg 92, 81188 Frankfurt, DE","Hauptstr. 99, 49252 Frankfurt, DE",20000.0,2091.45,CHF,On Hold
C-1278,Helios Paper SE,noah.mueller@mailtest.net,"Berliner Allee 30, 37508 Dresden, DE","Berliner Allee 67, 86939 Leipzig, DE",50000.0,10024.81,CHF,Active
C-1279,Paper Trading AG,felix.richter@mailtest.net,"Berliner Allee 57, 68978 Leipzig, DE","Hauptstr. 48, 28212 Hannover, DE",8000.0,1880.91,EUR,On Hold
C-1280,ACME Distributors KG,sarah.fischer@mailtest.net,"Mozartstr. 88, 62870 Nuernberg, DE","Dorfstr. 39, 52739 Hannover, DE",3000.0,1122.4,EUR,On Hold
C-1281,Prime Trading SE,julia.fischer@mailtest.net,"Bahnhofstr. 69, 60650 Koeln, DE","Ringstr. 14, 53101 Hannover, DE",50000.0,14277.01,EUR,Active
C-1282,Eco Commerce AG,max.richter@mailtest.net,"Hauptstr. 24, 36083 Hamburg, DE","Mozartstr. 37, 36986 Koeln, DE",15000.0,0.0,EUR,Active
C-1283,Vector Commerce GmbH,paul.wagner@mailtest.net,"Mozartstr. 21, 24515 Muenchen, DE","Dorfstr. 54, 72685 Nuernberg, DE",5000.0,1630.2,CHF,On Hold
C-1284,Delta Print AG,fiona.becker@mailtest.net,"Gartenweg 78, 85378 Frankfurt, DE","Feldweg 26, 75860 Nuernberg, DE",50000.0,18605.86,EUR,Active
C-1285,Prime Distributors GmbH,julia.koch@sampleco.com,"Dorfstr. 43, 84609 Dresden, DE","Ringstr. 60, 85514 Berlin, DE",5000.0,1809.79,EUR,Active
C-1286,Pioneer Trading KG,julia.koch@sampleco.com,"Mozartstr. 32, 33537 Hannover, DE","Marktplatz 56, 70008 Duesseldorf, DE",8000.0,3729.25,EUR,Active
C-1287,Nord Logistics AG,niklas.bauer@paperhub.io,"Koenigsallee 118, 18748 Nuernberg, DE","Marktplatz 93, 38476 Dresden, DE",30000.0,12503.53,EUR,On Hold
C-1288,Paper Packaging KG,felix.hoffmann@sampleco.com,"Lindenstr. 27, 76330 Berlin, DE","Ringstr. 4, 19593 Bremen, DE",50000.0,17091.8,CHF,Active
C-1289,Orion Logistics SE,max.meier@paperhub.io,"Bahnhofstr. 91, 27888 Stuttgart, DE","Koenigsallee 96, 70849 Dresden, DE",50000.0,11798.34,EUR,Active
C-1290,Alpha Distributors AG,mia.weber@sampleco.com,"Gartenweg 108, 12367 Hannover, DE","Bahnhofstr. 23, 48554 Hamburg, DE",30000.0,0.0,EUR,Active
C-1291,ACME Industries AG,leon.wagner@sampleco.com,"Berliner Allee 92, 14514 Bremen, DE","Dorfstr. 28, 67941 Nuernberg, DE",3000.0,1007.77,EUR,Active
C-1292,Nova Distributors GmbH,amelie.meier@example.com,"Wiesenweg 49, 36442 Koeln, DE","Goethestr. 117, 41265 Koeln, DE",5000.0,1457.69,EUR,Active
C-1293,ACME Trading AG,lena.fischer@example.com,"Wiesenweg 107, 97046 Muenchen, DE","Marktplatz 22, 15768 Duesseldorf, DE",5000.0,1521.58,EUR,Active
C-1294,Delta Solutions AG,ben.becker@mailtest.net,"Bahnhofstr. 30, 38020 Hamburg, DE","Goethestr. 42, 32756 Berlin, DE",30000.0,0.0,EUR,Active
C-1295,Delta Distributors AG,lena.bauer@paperhub.io,"Koenigsallee 80, 58362 Berlin, DE","Bahnhofstr. 114, 38647 Duesseldorf, DE",15000.0,506.83,CHF,On Hold
C-1296,Eco Commerce AG,niklas.schmidt@paperhub.io,"Koenigsallee 90, 60930 Bremen, DE","Wiesenweg 89, 27423 Stuttgart, DE",8000.0,3685.04,EUR,On Hold
C-1297,Quantum Packaging KG,anna.koch@mailtest.net,"Mozartstr. 66, 93963 Nuernberg, DE","Berliner Allee 65, 87000 Nuernberg, DE",3000.0,726.27,EUR,Active
C-1298,Eco Industries AG,felix.fischer@example.com,"Hauptstr. 18, 59089 Dresden, DE","Lindenstr. 26, 29879 Duesseldorf, DE",10000.0,3863.0,EUR,Active
C-1299,Cobalt Distributors KG,peter.weber@paperhub.io,"Koenigsallee 101, 15191 Leipzig, DE","Wiesenweg 54, 94940 Frankfurt, DE",3000.0,766.99,EUR,Active
C-1300,Aero Trading AG,luca.schaefer@example.com,"Koenigsallee 32, 39156 Hannover, DE","Mozartstr. 67, 52157 Muenchen, DE",50000.0,12797.56,EUR,Active
C-1301,Quantum Packaging AG,max.bauer@sampleco.com,"Berliner Allee 17, 22027 Muenchen, DE","Feldweg 71, 36787 Koeln, DE",5000.0,2188.28,CHF,Active
C-1302,Nova Print AG,lara.becker@sampleco.com,"Feldweg 32, 49728 Frankfurt, DE","Feldweg 58, 93309 Koeln, DE",15000.0,2201.87,CHF,Active
C-1303,Vector Supplies SE,paul.hoffmann@mailtest.net,"Mozartstr. 65, 89874 Nuernberg, DE","Mozartstr. 98, 30431 Dresden, DE",3000.0,807.67,CHF,Active
C-1304,Paper Industries AG,ben.richter@sampleco.com,"Lindenstr. 49, 70771 Frankfurt, DE","Ringstr. 37, 59171 Leipzig, DE",50000.0,7877.25,EUR,Active
C-1305,Quantum Logistics AG,luca.meier@example.com,"Dorfstr. 94, 59054 Dresden, DE","Mozartstr. 119, 64502 Duesseldorf, DE",20000.0,3262.02,CHF,Active
C-1306,Helios Packaging SE,max.schmidt@mailtest.net,"Feldweg 21, 35457 Duesseldorf, DE","Lindenstr. 99, 55688 Leipzig, DE",50000.0,9408.28,EUR,Active
C-1307,Orion Supplies AG,lara.hoffmann@example.com,"Goethestr. 81, 98660 Berlin, DE","Marktplatz 86, 94585 Muenchen, DE",15000.0,4416.4,CHF,On Hold
C-1308,Prime Industries AG,amelie.koch@sampleco.com,"Hauptstr. 15, 22098 Bremen, DE","Marktplatz 118, 60377 Duesseldorf, DE",5000.0,771.25,EUR,Active
C-1309,Euro Supplies KG,fiona.schaefer@mailtest.net,"Feldweg 40, 63950 Nuernberg, DE","Bahnhofstr. 14, 93385 Hannover, DE",20000.0,10023.02,EUR,Active
C-1310,Delta Supplies KG,anna.mueller@mailtest.net,"Hauptstr. 13, 19154 Nuernberg, DE","Mozartstr. 68, 64636 Bremen, DE",15000.0,1066.18,CHF,Active
C-1311,Vector Print AG,luca.hoffmann@sampleco.com,"Dorfstr. 15, 69069 Hannover, DE","Berliner Allee 24, 36337 Berlin, DE",8000.0,1701.01,EUR,Active
C-1312,Atlas Distributors GmbH,paul.schmidt@paperhub.io,"Bahnhofstr. 49, 26342 Frankfurt, DE","Bahnhofstr. 44, 13888 Hannover, DE",10000.0,1620.54,CHF,Active
C-1313,Eco Paper GmbH,niklas.meier@example.com,"Bahnhofstr. 28, 78463 Berlin, DE","Mozartstr. 78, 78167 Frankfurt, DE",50000.0,26969.78,CHF,Active
C-1314,Cobalt Supplies KG,tim.bauer@paperhub.io,"Goethestr. 105, 41404 Stuttgart, DE","Koenigsallee 52, 59602 Hannover, DE",3000.0,867.93,EUR,Active
C-1315,Eco Paper SE,julia.richter@sampleco.com,"Hauptstr. 78, 26108 Leipzig, DE","Lindenstr. 90, 42576 Stuttgart, DE",50000.0,22818.45,CHF,Active
C-1316,Delta Paper KG,anna.bauer@paperhub.io,"Hauptstr. 104, 52667 Bremen, DE","Ringstr. 30, 89529 Dresden, DE",30000.0,0.0,EUR,Active
C-1317,Quantum Packaging SE,fiona.koch@sampleco.com,"Marktplatz 19, 78164 Hannover, DE","Wiesenweg 110, 76143 Berlin, DE",8000.0,2427.28,CHF,Active
C-1318,Nova Commerce SE,paul.hoffmann@example.com,"Ringstr. 85, 80866 Koeln, DE","Berliner Allee 28, 32338 Bremen, DE",5000.0,2139.63,EUR,Active
C-1319,ACME Print KG,julia.weber@sampleco.com,"Marktplatz 33, 97285 Dresden, DE","Koenigsallee 16, 97225 Muenchen, DE",50000.0,13322.84,EUR,Active
C-1320,Aero Logistics GmbH,sarah.becker@mailtest.net,"Koenigsallee 83, 83649 Duesseldorf, DE","Wiesenweg 30, 39301 Frankfurt, DE",5000.0,2315.48,EUR,Active
C-1321,Paper Trading AG,maria.koch@paperhub.io,"Gartenweg 110, 51074 Duesseldorf, DE","Feldweg 95, 10220 Frankfurt, DE",3000.0,439.63,EUR,Active
C-1322,Atlas Trading KG,peter.schaefer@sampleco.com,"Bahnhofstr. 51, 11204 Leipzig, DE","Ringstr. 41, 28966 Frankfurt, DE",10000.0,5318.69,CHF,Active
C-1323,Prime Solutions KG,peter.richter@example.com,"Feldweg 41, 50487 Leipzig, DE","Marktplatz 16, 45841 Nuernberg, DE",50000.0,35488.98,EUR,Active
C-1324,Orion Paper KG,peter.richter@sampleco.com,"Marktplatz 120, 39500 Nuernberg, DE","Marktplatz 7, 33464 Dresden, DE",30000.0,5322.97,EUR,On Hold
C-1325,Euro Paper SE,sarah.becker@mailtest.net,"Goethestr. 97, 61296 Duesseldorf, DE","Bahnhofstr. 68, 47098 Frankfurt, DE",10000.0,1608.99,CHF,Active
C-1326,Aero Solutions GmbH,fiona.hoffmann@sampleco.com,"Feldweg 18, 67918 Nuernberg, DE","Ringstr. 38, 28982 Koeln, DE",10000.0,5406.77,EUR,Active
C-1327,ACME Trading GmbH,peter.becker@mailtest.net,"Koenigsallee 108, 32049 Berlin, DE","Bahnhofstr. 46, 72111 Muenchen, DE",3000.0,1697.74,EUR,On Hold
C-1328,Aero Solutions SE,peter.bauer@mailtest.net,"Berliner Allee 5, 25571 Koeln, DE","Mozartstr. 63, 49674 Nuernberg, DE",8000.0,1163.42,CHF,Active
C-1329,Paper Distributors SE,niklas.bauer@mailtest.net,"Goethestr. 2, 25728 Hamburg, DE","Bahnhofstr. 16, 74122 Bremen, DE",10000.0,1659.63,EUR,Active
C-1330,Helios Distributors KG,maria.koch@sampleco.com,"Mozartstr. 62, 94488 Nuernberg, DE","Mozartstr. 39, 84897 Muenchen, DE",5000.0,968.22,EUR,Active
C-1331,Summit Print SE,anna.becker@mailtest.net,"Bahnhofstr. 67, 86640 Leipzig, DE","Marktplatz 105, 95419 Hamburg, DE",10000.0,0.0,EUR,Active
C-1332,Cobalt Print GmbH,ben.hoffmann@paperhub.io,"Bahnhofstr. 6, 26884 Hannover, DE","Berliner Allee 84, 31130 Hamburg, DE",15000.0,994.04,EUR,Active
C-1333,Eco Commerce KG,tim.schaefer@sampleco.com,"Mozartstr. 85, 10011 Koeln, DE","Lindenstr. 6, 78084 Frankfurt, DE",50000.0,2458.59,EUR,Active
C-1334,Aero Commerce KG,amelie.schaefer@sampleco.com,"Marktplatz 13, 96850 Berlin, DE","Berliner Allee 5, 34651 Muenchen, DE",15000.0,1446.61,EUR,On Hold
C-1335,Cobalt Commerce AG,luis.wagner@paperhub.io,"Gartenweg 94, 91567 Duesseldorf, DE","Bahnhofstr. 71, 43419 Frankfurt, DE",30000.0,7291.89,EUR,Active
C-1336,Paper Industries SE,peter.schaefer@sampleco.com,"Bahnhofstr. 81, 45310 Bremen, DE","Marktplatz 83, 35248 Nuernberg, DE",20000.0,5936.86,EUR,Active
C-1337,Prime Trading SE,julia.meier@sampleco.com,"Bahnhofstr. 35, 26334 Leipzig, DE","Bahnhofstr. 88, 81875 Duesseldorf, DE",5000.0,2800.5,EUR,Active
C-1338,Vector Trading KG,peter.fischer@paperhub.io,"Hauptstr. 13, 59434 Koeln, DE","Mozartstr. 14, 26187 Muenchen, DE",15000.0,754.94,CHF,Active
C-1339,Vector Solutions KG,ben.weber@example.com,"Hauptstr. 22, 51680 Duesseldorf, DE","Gartenweg 45, 98842 Leipzig, DE",30000.0,13405.93,CHF,Active
C-1340,Beta Paper AG,peter.mueller@mailtest.net,"Feldweg 95, 45044 Berlin, DE","Marktplatz 82, 58516 Nuernberg, DE",10000.0,2072.02,CHF,Active
C-1341,Euro Distributors KG,leon.schaefer@paperhub.io,"Lindenstr. 55, 78235 Nuernberg, DE","Berliner Allee 40, 93313 Hamburg, DE",15000.0,3601.61,CHF,Active
C-1342,Paper Packaging GmbH,lara.schmidt@sampleco.com,"Feldweg 8, 21086 Nuernberg, DE","Lindenstr. 71, 74598 Berlin, DE",30000.0,11548.92,EUR,Active
C-1343,Vertex Commerce GmbH,julia.meier@sampleco.com,"Marktplatz 1, 65702 Nuernberg, DE","Dorfstr. 96, 55227 Koeln, DE",3000.0,76.37,CHF,On Hold
C-1344,Vertex Logistics AG,lena.wagner@sampleco.com,"Dorfstr. 46, 16672 Duesseldorf, DE","Ringstr. 49, 32345 Stuttgart, DE",5000.0,1632.41,EUR,On Hold
C-1345,Alpha Commerce GmbH,fiona.weber@mailtest.net,"Lindenstr. 34, 37926 Berlin, DE","Marktplatz 81, 84559 Duesseldorf, DE",10000.0,2832.9,EUR,On Hold
C-1346,Vertex Paper SE,amelie.hoffmann@example.com,"Goethestr. 1, 90678 Dresden, DE","Goethestr. 39, 56385 Hamburg, DE",3000.0,1045.47,EUR,Active
C-1347,Euro Supplies KG,anna.schmidt@mailtest.net,"Ringstr. 26, 21107 Leipzig, DE","Dorfstr. 116, 30147 Duesseldorf, DE",5000.0,1539.17,CHF,Active
C-1348,Beta Logistics SE,julia.wagner@paperhub.io,"Goethestr. 55, 33878 Leipzig, DE","Wiesenweg 35, 24246 Dresden, DE",50000.0,37053.0,EUR,Active
C-1349,Atlas Paper KG,luca.schmidt@sampleco.com,"Lindenstr. 6, 27521 Duesseldorf, DE","Mozartstr. 96, 53412 Berlin, DE",8000.0,979.62,EUR,On Hold
C-1350,Beta Packaging SE,mia.schaefer@mailtest.net,"Wiesenweg 88, 26703 Stuttgart, DE","Wiesenweg 98, 62412 Leipzig, DE",30000.0,4314.02,EUR,Active
C-1351,Eco Paper AG,peter.wagner@example.com,"Wiesenweg 88, 40999 Berlin, DE","Koenigsallee 107, 54845 Duesseldorf, DE",3000.0,376.12,CHF,Active
C-1352,Nova Distributors GmbH,felix.fischer@sampleco.com,"Marktplatz 66, 34492 Koeln, DE","Lindenstr. 99, 25075 Frankfurt, DE",10000.0,1389.05,CHF,Active
C-1353,Eco Commerce AG,luca.koch@sampleco.com,"Berliner Allee 16, 27340 Duesseldorf, DE","Hauptstr. 36, 35189 Muenchen, DE",30000.0,3675.68,EUR,Active
C-1354,Paper Paper SE,felix.schaefer@paperhub.io,"Marktplatz 82, 40333 Koeln, DE","Goethestr. 55, 72809 Berlin, DE",30000.0,14634.1,EUR,Active
C-1355,Beta Trading KG,tim.richter@mailtest.net,"Berliner Allee 41, 16233 Muenchen, DE","Hauptstr. 1, 16832 Bremen, DE",20000.0,10682.02,EUR,Active
C-1356,Beta Solutions GmbH,felix.mueller@paperhub.io,"Ringstr. 47, 53815 Frankfurt, DE","Bahnhofstr. 13, 97680 Berlin, DE",8000.0,1086.81,EUR,Active
C-1357,Vector Solutions KG,lara.bauer@paperhub.io,"Berliner Allee 75, 60338 Hamburg, DE","Bahnhofstr. 17, 92517 Nuernberg, DE",5000.0,417.64,EUR,Active
C-1358,Delta Logistics SE,maria.schmidt@paperhub.io,"Lindenstr. 93, 72154 Koeln, DE","Dorfstr. 93, 30142 Berlin, DE",8000.0,2754.26,EUR,Active
C-1359,Beta Commerce KG,tim.hoffmann@example.com,"Mozartstr. 9, 73284 Duesseldorf, DE","Dorfstr. 120, 76043 Berlin, DE",8000.0,1116.44,EUR,Active
C-1360,Prime Industries GmbH,luis.meier@sampleco.com,"Marktplatz 105, 62100 Dresden, DE","Koenigsallee 69, 77303 Hamburg, DE",8000.0,3012.69,CHF,Active
C-1361,Orion Commerce SE,julia.koch@paperhub.io,"Berliner Allee 24, 10471 Muenchen, DE","Feldweg 28, 87609 Nuernberg, DE",3000.0,871.75,CHF,Active
C-1362,Vertex Industries KG,lara.weber@paperhub.io,"Dorfstr. 16, 32427 Koeln, DE","Hauptstr. 69, 41223 Frankfurt, DE",3000.0,0.0,EUR,On Hold
C-1363,Beta Print KG,max.bauer@sampleco.com,"Berliner Allee 69, 25228 Berlin, DE","Koenigsallee 45, 92927 Hannover, DE",20000.0,11190.02,EUR,Active
C-1364,Summit Industries AG,felix.koch@paperhub.io,"Goethestr. 8, 92045 Berlin, DE","Goethestr. 29, 46659 Muenchen, DE",15000.0,9137.63,EUR,Active
C-1365,Helios Packaging SE,niklas.bauer@sampleco.com,"Ringstr. 29, 52501 Frankfurt, DE","Berliner Allee 75, 92549 Duesseldorf, DE",8000.0,1019.54,CHF,Active
C-1366,Atlas Trading AG,mia.schmidt@mailtest.net,"Gartenweg 59, 34251 Muenchen, DE","Berliner Allee 73, 74293 Nuernberg, DE",8000.0,1379.68,EUR,Active
C-1367,Euro Print SE,amelie.fischer@example.com,"Gartenweg 10, 65888 Koeln, DE","Ringstr. 117, 94557 Duesseldorf, DE",5000.0,1535.87,EUR,Active
C-1368,ACME Solutions GmbH,julia.becker@example.com,"Bahnhofstr. 106, 11776 Bremen, DE","Hauptstr. 17, 42550 Hamburg, DE",15000.0,4753.37,EUR,On Hold
C-1369,Cobalt Paper GmbH,maria.schaefer@paperhub.io,"Marktplatz 11, 36518 Muenchen, DE","Ringstr. 98, 83774 Dresden, DE",8000.0,3053.67,EUR,Active
C-1370,Prime Logistics GmbH,ben.richter@paperhub.io,"Koenigsallee 70, 26131 Berlin, DE","Hauptstr. 14, 81387 Frankfurt, DE",5000.0,3260.2,CHF,Active
C-1371,Alpha Paper AG,felix.becker@sampleco.com,"Goethestr. 84, 47597 Koeln, DE","Koenigsallee 50, 24733 Dresden, DE",8000.0,1716.88,EUR,Active
C-1372,Nova Trading GmbH,amelie.wagner@example.com,"Goethestr. 119, 21115 Berlin, DE","Feldweg 20, 33339 Duesseldorf, DE",20000.0,1806.81,EUR,Active
C-1373,Prime Industries KG,tim.schmidt@paperhub.io,"Ringstr. 85, 58380 Frankfurt, DE","Wiesenweg 117, 20009 Berlin, DE",8000.0,0.0,EUR,Active
C-1374,Orion Distributors SE,lena.schmidt@mailtest.net,"Marktplatz 36, 28961 Hamburg, DE","Goethestr. 17, 33838 Duesseldorf, DE",20000.0,2076.28,EUR,Active
C-1375,Quantum Supplies KG,peter.bauer@sampleco.com,"Mozartstr. 54, 82002 Dresden, DE","Dorfstr. 69, 74566 Leipzig, DE",10000.0,2433.75,CHF,Active
C-1376,Atlas Commerce AG,lena.fischer@paperhub.io,"Hauptstr. 27, 12248 Stuttgart, DE","Dorfstr. 61, 27510 Hamburg, DE",3000.0,1826.73,EUR,Active
C-1377,Prime Industries SE,peter.schaefer@mailtest.net,"Berliner Allee 27, 39437 Berlin, DE","Marktplatz 18, 25366 Nuernberg, DE",8000.0,1171.82,CHF,Active
C-1378,Atlas Trading GmbH,maria.bauer@example.com,"Ringstr. 108, 87847 Muenchen, DE","Hauptstr. 19, 57873 Muenchen, DE",5000.0,1473.79,EUR,Active
C-1379,Helios Supplies AG,paul.hoffmann@sampleco.com,"Marktplatz 68, 49257 Dresden, DE","Mozartstr. 93, 54215 Dresden, DE",3000.0,740.15,EUR,Active
C-1380,Nord Paper AG,noah.mueller@example.com,"Mozartstr. 107, 65524 Bremen, DE","Ringstr. 71, 43823 Hannover, DE",15000.0,7315.18,EUR,Active
C-1381,Euro Industries GmbH,noah.becker@sampleco.com,"Marktplatz 28, 62481 Hannover, DE","Hauptstr. 29, 61418 Muenchen, DE",5000.0,3776.93,CHF,Active
C-1382,Orion Supplies AG,max.wagner@mailtest.net,"Berliner Allee 35, 24208 Hamburg, DE","Bahnhofstr. 47, 89061 Stuttgart, DE",3000.0,431.48,EUR,Active
C-1383,Summit Packaging GmbH,luca.koch@example.com,"Wiesenweg 117, 50516 Koeln, DE","Dorfstr. 26, 93674 Berlin, DE",10000.0,1521.12,EUR,Active
C-1384,Helios Solutions GmbH,luis.hoffmann@example.com,"Hauptstr. 41, 22217 Frankfurt, DE","Hauptstr. 46, 47015 Duesseldorf, DE",10000.0,4588.32,EUR,Active
C-1385,Vector Print GmbH,sarah.becker@example.com,"Dorfstr. 104, 29685 Berlin, DE","Feldweg 102, 60084 Dresden, DE",3000.0,1159.13,EUR,Active
C-1386,Pioneer Packaging GmbH,lara.fischer@sampleco.com,"Wiesenweg 92, 31108 Leipzig, DE","Dorfstr. 94, 89788 Bremen, DE",20000.0,12386.83,CHF,Active
C-1387,Aero Industries KG,amelie.becker@example.com,"Marktplatz 100, 99505 Duesseldorf, DE","Berliner Allee 27, 90004 Hannover, DE",5000.0,1833.93,EUR,Active
C-1388,Quantum Packaging GmbH,peter.weber@example.com,"Ringstr. 13, 69612 Stuttgart, DE","Gartenweg 120, 48745 Muenchen, DE",5000.0,890.71,EUR,Active
C-1389,Vector Packaging GmbH,paul.richter@mailtest.net,"Lindenstr. 61, 43557 Dresden, DE","Koenigsallee 119, 28408 Hamburg, DE",50000.0,18406.55,EUR,Active
C-1390,Nova Supplies SE,amelie.bauer@sampleco.com,"Ringstr. 47, 77171 Hannover, DE","Goethestr. 48, 20943 Bremen, DE",30000.0,14152.22,CHF,Active
C-1391,Nord Solutions GmbH,lara.richter@example.com,"Gartenweg 110, 23801 Frankfurt, DE","Mozartstr. 21, 84728 Duesseldorf, DE",5000.0,2070.48,EUR,Active
C-1392,Pioneer Packaging KG,leon.hoffmann@mailtest.net,"Bahnhofstr. 11, 33628 Nuernberg, DE","Bahnhofstr. 118, 62028 Duesseldorf, DE",10000.0,3514.55,CHF,Active
C-1393,Aero Trading SE,luca.richter@mailtest.net,"Bahnhofstr. 36, 69582 Berlin, DE","Dorfstr. 20, 71599 Muenchen, DE",10000.0,4633.35,EUR,Active
C-1394,Cobalt Supplies GmbH,tim.becker@mailtest.net,"Berliner Allee 7, 37720 Berlin, DE","Wiesenweg 88, 65433 Frankfurt, DE",15000.0,7257.89,EUR,Active
C-1395,Paper Industries SE,lena.weber@mailtest.net,"Mozartstr. 68, 38063 Bremen, DE","Lindenstr. 24, 17044 Hamburg, DE",30000.0,15792.95,EUR,On Hold
C-1396,Nova Print AG,tim.becker@mailtest.net,"Ringstr. 69, 31061 Nuernberg, DE","Mozartstr. 46, 84752 Duesseldorf, DE",3000.0,1139.23,EUR,Active
C-1397,Helios Solutions AG,sarah.bauer@paperhub.io,"Hauptstr. 20, 70117 Muenchen, DE","Ringstr. 111, 51472 Hamburg, DE",30000.0,6497.29,EUR,Active
C-1398,ACME Distributors AG,leon.bauer@example.com,"Hauptstr. 28, 34596 Duesseldorf, DE","Marktplatz 70, 31771 Hannover, DE",30000.0,8380.28,EUR,Active
C-1399,Delta Solutions GmbH,tim.wagner@example.com,"Lindenstr. 115, 50234 Leipzig, DE","Bahnhofstr. 90, 75422 Bremen, DE",50000.0,24565.09,CHF,Active
C-1400,Vector Commerce SE,noah.wagner@example.com,"Gartenweg 59, 66149 Stuttgart, DE","Gartenweg 71, 87973 Muenchen, DE",30000.0,2598.39,CHF,Active
C-1401,Atlas Industries GmbH,lena.schmidt@example.com,"Koenigsallee 3, 90774 Duesseldorf, DE","Bahnhofstr. 64, 91766 Leipzig, DE",5000.0,1618.67,CHF,Active
C-1402,Nord Industries SE,luca.fischer@mailtest.net,"Dorfstr. 49, 25007 Koeln, DE","Ringstr. 16, 55955 Dresden, DE",30000.0,5139.97,CHF,Active
C-1403,Vector Logistics KG,niklas.bauer@paperhub.io,"Lindenstr. 108, 64357 Bremen, DE","Berliner Allee 1, 64336 Berlin, DE",3000.0,767.25,EUR,Active
C-1404,Vector Commerce KG,sarah.mueller@mailtest.net,"Berliner Allee 72, 61296 Koeln, DE","Feldweg 83, 61552 Berlin, DE",30000.0,15170.71,EUR,On Hold
C-1405,Orion Print SE,sarah.schaefer@sampleco.com,"Mozartstr. 30, 23051 Nuernberg, DE","Wiesenweg 17, 76093 Hamburg, DE",30000.0,8646.59,EUR,Active
C-1406,Euro Trading AG,lena.schmidt@example.com,"Mozartstr. 2, 92430 Hannover, DE","Gartenweg 4, 91015 Nuernberg, DE",5000.0,1296.44,CHF,Active
C-1407,Prime Distributors KG,paul.fischer@sampleco.com,"Lindenstr. 25, 80178 Koeln, DE","Marktplatz 100, 59559 Frankfurt, DE",3000.0,0.0,EUR,Active
C-1408,Prime Paper GmbH,maria.hoffmann@example.com,"Bahnhofstr. 19, 47022 Frankfurt, DE","Gartenweg 12, 20142 Dresden, DE",20000.0,7985.01,EUR,Active
C-1409,Quantum Paper SE,lena.hoffmann@example.com,"Berliner Allee 88, 65038 Duesseldorf, DE","Goethestr. 82, 69097 Muenchen, DE",8000.0,3032.77,EUR,Active
C-1410,Euro Solutions GmbH,maria.wagner@paperhub.io,"Ringstr. 79, 88642 Leipzig, DE","Hauptstr. 21, 78386 Nuernberg, DE",15000.0,10239.76,EUR,Active
C-1411,ACME Commerce GmbH,noah.schaefer@sampleco.com,"Berliner Allee 111, 57826 Hamburg, DE","Berliner Allee 4, 52931 Muenchen, DE",10000.0,1884.44,EUR,Active
C-1412,Prime Industries KG,mia.fischer@example.com,"Goethestr. 91, 82285 Bremen, DE","Lindenstr. 60, 74985 Duesseldorf, DE",30000.0,8814.9,EUR,Active
C-1413,Delta Industries SE,maria.koch@paperhub.io,"Gartenweg 102, 36978 Nuernberg, DE","Ringstr. 56, 68478 Duesseldorf, DE",15000.0,4498.15,EUR,Active
C-1414,Cobalt Supplies SE,luca.koch@paperhub.io,"Goethestr. 115, 92929 Hamburg, DE","Ringstr. 22, 14424 Leipzig, DE",15000.0,8482.36,CHF,Active
C-1415,Vertex Trading SE,anna.schmidt@sampleco.com,"Wiesenweg 42, 66280 Muenchen, DE","Goethestr. 32, 19521 Koeln, DE",20000.0,4618.82,EUR,Active
C-1416,Aero Packaging GmbH,sarah.richter@example.com,"Marktplatz 43, 38019 Dresden, DE","Feldweg 102, 52147 Koeln, DE",5000.0,1529.02,CHF,Active
C-1417,Delta Commerce AG,maria.schaefer@paperhub.io,"Marktplatz 78, 97994 Hamburg, DE","Feldweg 115, 94707 Duesseldorf, DE",30000.0,11147.38,EUR,Active
C-1418,Delta Logistics GmbH,mia.hoffmann@example.com,"Lindenstr. 54, 25631 Hamburg, DE","Ringstr. 22, 88830 Stuttgart, DE",30000.0,8619.65,EUR,Active
C-1419,Nova Paper GmbH,leon.weber@sampleco.com,"Mozartstr. 5, 79922 Leipzig, DE","Hauptstr. 44, 94512 Berlin, DE",5000.0,803.57,CHF,Active
C-1420,Atlas Industries KG,sarah.wagner@mailtest.net,"Bahnhofstr. 72, 51048 Dresden, DE","Feldweg 7, 61554 Frankfurt, DE",50000.0,14440.9,CHF,Active
C-1421,Eco Trading GmbH,anna.fischer@example.com,"Hauptstr. 18, 23780 Stuttgart, DE","Marktplatz 93, 67105 Koeln, DE",8000.0,3717.81,EUR,Active
C-1422,Vector Commerce GmbH,max.weber@example.com,"Bahnhofstr. 7, 49883 Hamburg, DE","Lindenstr. 43, 90314 Duesseldorf, DE",15000.0,670.45,EUR,On Hold
C-1423,Helios Distributors GmbH,peter.wagner@sampleco.com,"Wiesenweg 75, 64171 Bremen, DE","Ringstr. 86, 26039 Leipzig, DE",10000.0,2765.94,CHF,Active
C-1424,Beta Trading SE,lara.schmidt@paperhub.io,"Wiesenweg 38, 20852 Stuttgart, DE","Dorfstr. 107, 41768 Bremen, DE",10000.0,1099.76,EUR,Active
C-1425,Quantum Paper AG,anna.bauer@sampleco.com,"Ringstr. 105, 60470 Koeln, DE","Ringstr. 14, 54623 Koeln, DE",20000.0,9780.19,EUR,Active
C-1426,Prime Commerce GmbH,peter.fischer@paperhub.io,"Mozartstr. 58, 91327 Leipzig, DE","Berliner Allee 100, 62455 Koeln, DE",5000.0,0.0,EUR,Active
C-1427,Nova Solutions GmbH,peter.hoffmann@example.com,"Marktplatz 15, 41531 Berlin, DE","Ringstr. 24, 44964 Berlin, DE",50000.0,6910.78,CHF,Active
C-1428,Eco Commerce GmbH,tim.becker@sampleco.com,"Gartenweg 51, 75823 Duesseldorf, DE","Dorfstr. 43, 16967 Dresden, DE",15000.0,4881.64,EUR,Active
C-1429,Orion Supplies AG,fiona.fischer@mailtest.net,"Gartenweg 77, 46166 Leipzig, DE","Feldweg 64, 77976 Duesseldorf, DE",5000.0,2815.52,EUR,Active
C-1430,Eco Logistics GmbH,max.meier@paperhub.io,"Berliner Allee 9, 79747 Hamburg, DE","Lindenstr. 29, 91293 Nuernberg, DE",30000.0,7105.5,CHF,Active
C-1431,Alpha Industries SE,luca.mueller@sampleco.com,"Goethestr. 82, 47747 Nuernberg, DE","Feldweg 37, 10407 Hamburg, DE",8000.0,1111.68,CHF,Active
C-1432,Alpha Print KG,lena.mueller@sampleco.com,"Goethestr. 116, 69666 Muenchen, DE","Hauptstr. 86, 72206 Duesseldorf, DE",20000.0,12524.63,EUR,Active
C-1433,Beta Packaging AG,anna.koch@paperhub.io,"Ringstr. 75, 10131 Dresden, DE","Berliner Allee 61, 24337 Berlin, DE",3000.0,0.0,EUR,Active
C-1434,Vertex Commerce AG,peter.schmidt@example.com,"Lindenstr. 103, 53997 Dresden, DE","Ringstr. 95, 55977 Leipzig, DE",15000.0,0.0,CHF,Active
C-1435,Pioneer Paper KG,fiona.richter@paperhub.io,"Dorfstr. 100, 97023 Hannover, DE","Ringstr. 15, 45381 Bremen, DE",3000.0,1014.01,EUR,On Hold
C-1436,Alpha Print KG,mia.meier@sampleco.com,"Feldweg 95, 66455 Stuttgart, DE","Berliner Allee 96, 21701 Koeln, DE",30000.0,4487.67,EUR,On Hold
C-1437,Summit Distributors AG,niklas.bauer@paperhub.io,"Goethestr. 51, 87220 Duesseldorf, DE","Lindenstr. 40, 34978 Berlin, DE",20000.0,915.07,EUR,Active
C-1438,Pioneer Solutions KG,fiona.schmidt@example.com,"Ringstr. 119, 99853 Muenchen, DE","Ringstr. 88, 29690 Leipzig, DE",15000.0,5875.07,EUR,Active
C-1439,Nova Packaging KG,anna.hoffmann@example.com,"Berliner Allee 37, 87735 Hamburg, DE","Hauptstr. 63, 50084 Berlin, DE",30000.0,8962.8,EUR,Active
C-1440,ACME Paper KG,peter.wagner@paperhub.io,"Wiesenweg 110, 75797 Bremen, DE","Wiesenweg 72, 30321 Hamburg, DE",15000.0,2057.76,EUR,On Hold
C-1441,Delta Supplies GmbH,fiona.fischer@example.com,"Ringstr. 120, 56482 Koeln, DE","Wiesenweg 87, 93498 Duesseldorf, DE",30000.0,0.0,CHF,On Hold
C-1442,Eco Industries KG,amelie.weber@sampleco.com,"Feldweg 56, 98987 Stuttgart, DE","Wiesenweg 75, 28242 Bremen, DE",10000.0,4244.91,EUR,Active
C-1443,Summit Logistics KG,fiona.schmidt@paperhub.io,"Feldweg 119, 92355 Dresden, DE","Dorfstr. 24, 59278 Duesseldorf, DE",5000.0,1900.2,EUR,Active
C-1444,Aero Commerce KG,leon.wagner@mailtest.net,"Ringstr. 54, 63773 Dresden, DE","Hauptstr. 117, 83257 Berlin, DE",30000.0,6904.94,EUR,Active
C-1445,Cobalt Industries AG,luis.schaefer@paperhub.io,"Gartenweg 80, 81207 Hannover, DE","Lindenstr. 7, 61466 Muenchen, DE",30000.0,18579.82,EUR,Active
C-1446,Vertex Distributors GmbH,lena.meier@paperhub.io,"Koenigsallee 14, 53710 Hannover, DE","Bahnhofstr. 106, 48086 Hannover, DE",50000.0,1799.15,EUR,Active
C-1447,Eco Solutions GmbH,luca.schaefer@sampleco.com,"Dorfstr. 95, 74920 Muenchen, DE","Berliner Allee 115, 98562 Bremen, DE",8000.0,0.0,EUR,Active
C-1448,ACME Distributors AG,maria.schmidt@example.com,"Gartenweg 78, 25864 Leipzig, DE","Bahnhofstr. 32, 36777 Hamburg, DE",50000.0,5580.92,EUR,Active
C-1449,Pioneer Supplies GmbH,maria.weber@mailtest.net,"Ringstr. 24, 40792 Leipzig, DE","Lindenstr. 106, 90315 Bremen, DE",50000.0,12044.14,EUR,Active
C-1450,ACME Print AG,lara.mueller@sampleco.com,"Ringstr. 62, 48015 Frankfurt, DE","Koenigsallee 13, 87170 Dresden, DE",20000.0,5973.36,EUR,Active
C-1451,Eco Distributors SE,felix.mueller@example.com,"Lindenstr. 59, 25745 Hannover, DE","Mozartstr. 2, 86092 Frankfurt, DE",3000.0,605.26,CHF,Active
C-1452,Vector Print SE,leon.weber@example.com,"Gartenweg 46, 75619 Leipzig, DE","Berliner Allee 45, 78820 Duesseldorf, DE",5000.0,1602.06,EUR,Active
C-1453,Vector Solutions KG,leon.richter@sampleco.com,"Lindenstr. 101, 96303 Frankfurt, DE","Mozartstr. 9, 94559 Dresden, DE",30000.0,0.0,CHF,Active
C-1454,Euro Solutions KG,peter.richter@paperhub.io,"Feldweg 75, 55625 Hannover, DE","Feldweg 107, 62923 Hamburg, DE",3000.0,1616.26,EUR,Active
C-1455,Euro Logistics GmbH,maria.hoffmann@mailtest.net,"Goethestr. 98, 40347 Nuernberg, DE","Wiesenweg 31, 23819 Muenchen, DE",30000.0,7007.09,CHF,On Hold
C-1456,Nord Solutions KG,maria.meier@example.com,"Ringstr. 98, 59063 Hannover, DE","Koenigsallee 108, 13861 Muenchen, DE",20000.0,9469.18,EUR,Active
C-1457,Orion Print AG,luca.weber@mailtest.net,"Ringstr. 87, 47498 Koeln, DE","Berliner Allee 95, 31245 Duesseldorf, DE",10000.0,3185.45,EUR,Active
C-1458,Eco Logistics GmbH,peter.meier@paperhub.io,"Wiesenweg 53, 84487 Leipzig, DE","Bahnhofstr. 44, 34288 Bremen, DE",50000.0,17067.53,EUR,Active
C-1459,Helios Distributors KG,tim.koch@sampleco.com,"Wiesenweg 9, 67524 Duesseldorf, DE","Koenigsallee 49, 19288 Hannover, DE",5000.0,1819.77,EUR,Active
C-1460,Nova Packaging GmbH,mia.fischer@example.com,"Feldweg 70, 53374 Berlin, DE","Berliner Allee 106, 47997 Frankfurt, DE",30000.0,10186.25,EUR,Active
C-1461,Euro Industries GmbH,ben.koch@sampleco.com,"Dorfstr. 120, 90117 Leipzig, DE","Lindenstr. 52, 91087 Berlin, DE",5000.0,1892.72,CHF,On Hold
C-1462,Beta Paper GmbH,sarah.becker@paperhub.io,"Berliner Allee 43, 17784 Muenchen, DE","Berliner Allee 71, 53202 Bremen, DE",3000.0,1547.49,EUR,Active
C-1463,Helios Solutions GmbH,tim.schmidt@mailtest.net,"Feldweg 95, 90272 Hamburg, DE","Dorfstr. 62, 26969 Frankfurt, DE",3000.0,867.91,EUR,Active
C-1464,Vertex Logistics KG,felix.hoffmann@paperhub.io,"Wiesenweg 109, 39852 Berlin, DE","Hauptstr. 4, 35712 Leipzig, DE",30000.0,11754.02,EUR,Active
C-1465,Nord Supplies SE,peter.becker@mailtest.net,"Dorfstr. 18, 25149 Dresden, DE","Bahnhofstr. 115, 90694 Stuttgart, DE",20000.0,4641.06,EUR,Active
C-1466,Nord Logistics AG,lena.koch@example.com,"Berliner Allee 53, 80283 Hannover, DE","Hauptstr. 103, 11952 Nuernberg, DE",10000.0,5380.23,EUR,Active
C-1467,Prime Distributors AG,fiona.meier@paperhub.io,"Goethestr. 78, 95879 Koeln, DE","Lindenstr. 17, 89445 Duesseldorf, DE",50000.0,5736.08,EUR,Active
C-1468,Paper Industries AG,mia.richter@paperhub.io,"Berliner Allee 57, 49677 Stuttgart, DE","Wiesenweg 71, 48362 Bremen, DE",10000.0,6101.88,EUR,Active
C-1469,Summit Commerce GmbH,max.wagner@mailtest.net,"Marktplatz 80, 73728 Frankfurt, DE","Bahnhofstr. 27, 27974 Leipzig, DE",10000.0,2419.68,EUR,Active
C-1470,Delta Packaging KG,peter.meier@sampleco.com,"Marktplatz 57, 95184 Dresden, DE","Bahnhofstr. 3, 75392 Berlin, DE",15000.0,0.0,EUR,Active
C-1471,Nova Packaging GmbH,niklas.koch@mailtest.net,"Ringstr. 3, 60146 Duesseldorf, DE","Ringstr. 6, 39418 Koeln, DE",30000.0,8268.63,EUR,Active
C-1472,Summit Paper KG,max.schaefer@paperhub.io,"Hauptstr. 117, 89788 Stuttgart, DE","Lindenstr. 104, 87458 Koeln, DE",3000.0,341.37,EUR,Active
C-1473,Cobalt Supplies SE,max.schmidt@mailtest.net,"Marktplatz 120, 98862 Frankfurt, DE","Dorfstr. 60, 65552 Hannover, DE",15000.0,6271.93,EUR,On Hold
C-1474,Pioneer Logistics AG,anna.weber@paperhub.io,"Bahnhofstr. 32, 81146 Frankfurt, DE","Goethestr. 74, 61721 Berlin, DE",15000.0,1792.13,EUR,Active
C-1475,Beta Solutions GmbH,maria.weber@paperhub.io,"Lindenstr. 109, 33433 Dresden, DE","Ringstr. 3, 67659 Berlin, DE",50000.0,8038.17,EUR,On Hold
C-1476,Quantum Commerce AG,felix.meier@example.com,"Lindenstr. 115, 89996 Leipzig, DE","Goethestr. 9, 67729 Muenchen, DE",15000.0,0.0,EUR,Active
C-1477,Quantum Print AG,paul.mueller@example.com,"Berliner Allee 15, 95799 Berlin, DE","Gartenweg 88, 76416 Dresden, DE",20000.0,3190.77,EUR,Active
C-1478,Alpha Paper KG,niklas.meier@paperhub.io,"Dorfstr. 92, 15863 Hannover, DE","Berliner Allee 45, 24308 Hamburg, DE",50000.0,0.0,EUR,Active
C-1479,Alpha Logistics KG,luis.wagner@mailtest.net,"Bahnhofstr. 83, 65898 Frankfurt, DE","Gartenweg 4, 52800 Hannover, DE",20000.0,0.0,EUR,On Hold
C-1480,Vector Distributors KG,amelie.meier@sampleco.com,"Goethestr. 6, 48125 Muenchen, DE","Feldweg 4, 23924 Hannover, DE",10000.0,4020.83,EUR,Active
C-1481,Vertex Solutions KG,luca.becker@example.com,"Koenigsallee 93, 29670 Duesseldorf, DE","Wiesenweg 84, 20281 Hamburg, DE",10000.0,4071.6,CHF,Active
C-1482,Eco Commerce GmbH,amelie.hoffmann@mailtest.net,"Goethestr. 35, 35562 Hannover, DE","Lindenstr. 117, 41985 Stuttgart, DE",10000.0,3350.92,EUR,Active
C-1483,Aero Packaging AG,leon.richter@mailtest.net,"Goethestr. 11, 56135 Leipzig, DE","Dorfstr. 10, 57486 Bremen, DE",50000.0,2830.24,EUR,Active
C-1484,Atlas Logistics AG,ben.fischer@mailtest.net,"Koenigsallee 75, 97281 Muenchen, DE","Feldweg 34, 47602 Stuttgart, DE",20000.0,4809.15,EUR,Active
C-1485,Atlas Commerce AG,luis.hoffmann@sampleco.com,"Gartenweg 113, 69515 Berlin, DE","Gartenweg 16, 64870 Frankfurt, DE",50000.0,12463.97,EUR,Active
C-1486,Nord Supplies GmbH,paul.schmidt@sampleco.com,"Dorfstr. 111, 79377 Duesseldorf, DE","Mozartstr. 46, 26705 Duesseldorf, DE",10000.0,183.27,EUR,Active
C-1487,Aero Solutions GmbH,max.schmidt@paperhub.io,"Ringstr. 117, 63592 Bremen, DE","Ringstr. 95, 67106 Frankfurt, DE",50000.0,27533.98,EUR,Active
C-1488,Helios Commerce GmbH,peter.meier@paperhub.io,"Koenigsallee 84, 69444 Duesseldorf, DE","Goethestr. 57, 33163 Leipzig, DE",15000.0,6382.09,EUR,Active
C-1489,Quantum Trading GmbH,luis.schaefer@mailtest.net,"Lindenstr. 42, 60340 Stuttgart, DE","Wiesenweg 23, 28769 Berlin, DE",10000.0,2058.07,CHF,Active
C-1490,Helios Solutions KG,maria.wagner@paperhub.io,"Gartenweg 16, 47728 Frankfurt, DE","Ringstr. 57, 39312 Muenchen, DE",15000.0,3830.66,EUR,On Hold
C-1491,Eco Logistics KG,peter.schmidt@sampleco.com,"Dorfstr. 108, 76676 Muenchen, DE","Hauptstr. 77, 15209 Leipzig, DE",10000.0,2916.77,EUR,Active
C-1492,ACME Trading AG,fiona.koch@mailtest.net,"Marktplatz 57, 78274 Muenchen, DE","Ringstr. 38, 24367 Nuernberg, DE",5000.0,0.0,CHF,Active
C-1493,Quantum Industries GmbH,peter.weber@example.com,"Goethestr. 103, 20363 Nuernberg, DE","Wiesenweg 29, 19745 Stuttgart, DE",8000.0,1604.52,EUR,Active
C-1494,Vertex Packaging KG,max.becker@example.com,"Marktplatz 102, 78327 Stuttgart, DE","Berliner Allee 108, 83160 Bremen, DE",3000.0,340.81,EUR,Active
C-1495,Helios Supplies AG,luca.weber@mailtest.net,"Gartenweg 63, 34524 Nuernberg, DE","Ringstr. 37, 27274 Koeln, DE",5000.0,248.38,EUR,Active
C-1496,Paper Distributors AG,paul.meier@mailtest.net,"Marktplatz 34, 90396 Duesseldorf, DE","Koenigsallee 75, 40764 Bremen, DE",20000.0,3875.6,CHF,Active
C-1497,Euro Industries AG,fiona.bauer@mailtest.net,"Ringstr. 102, 92578 Duesseldorf, DE","Feldweg 46, 81226 Dresden, DE",15000.0,9143.06,EUR,Active
C-1498,Nova Supplies SE,sarah.fischer@mailtest.net,"Bahnhofstr. 23, 70913 Stuttgart, DE","Koenigsallee 15, 55557 Nuernberg, DE",30000.0,11345.06,EUR,Active
C-1499,Quantum Distributors SE,lara.meier@paperhub.io,"Lindenstr. 65, 38194 Duesseldorf, DE","Hauptstr. 72, 52361 Frankfurt, DE",20000.0,2715.28,CHF,Active
C-1500,Pioneer Supplies SE,niklas.meier@paperhub.io,"Ringstr. 94, 38697 Stuttgart, DE","Koenigsallee 105, 15980 Frankfurt, DE",50000.0,18225.83,CHF,Active
