Line ID,Order,Product,Requested Text,Qty,UOM,Unit Price,Line Total,Match Score,Notes
1,O-2025-0001,PAPER-A5-170-OFFSET-M,A5 Offset 170 gsm Bright White qty 28 reams,28,ream,5.32,148.96,0.826,
2,O-2025-0002,PAPER-A2-70-UNCOATED,A2 Uncoated 70 gsm Ivory qty 11 reams,11,ream,7.35,80.85,0.919,manual review suggested
3,O-2025-0003,PAPER-A5-75-OFFSET,A5 Offset 75 gsm Ivory qty 52 boxs,52,box,21.66,1126.32,0.927,manual review suggested
4,O-2025-0004,PAPER-A4-100-COATEDGLOSS-M,A4 Coated Gloss 100 gsm Recycled qty 4 pallets,4,pallet,532.04,2128.16,0.924,manual review suggested
5,O-2025-0005,PAPER-A4-70-UNCOATED,A4 Uncoated 70 gsm White qty 23 reams,23,ream,5.0,115.0,0.916,auto-mapped
6,O-2025-0006,PAPER-SRA3-140-CARDSTOCK-D,SRA3 Cardstock 140 gsm Recycled qty 60 boxs,60,box,40.52,2431.2,0.826,
7,O-2025-0007,PAPER-A5-160-UNCOATED,A5 Uncoated 160 gsm Bright White qty 100 boxs,100,box,26.02,2602.0,0.946,auto-mapped
8,O-2025-0008,PAPER-A3-90-COPY-D,A3 Copy 90 gsm White qty 29 boxs,29,box,30.61,887.69,0.97,auto-mapped
9,O-2025-0009,PAPER-A4-250-CARDSTOCK,A4 Cardstock 250 gsm White qty 37 reams,37,ream,8.5,314.5,0.962,auto-mapped
10,O-2025-0010,PAPER-SRA3-70-COPY,SRA3 Copy 70 gsm Ivory qty 2 pallets,2,pallet,560.93,1121.86,0.763,
11,O-2025-0011,PAPER-SRA3-75-CARDSTOCK,SRA3 Cardstock 75 gsm Ivory qty 49 reams,49,ream,6.69,327.81,0.866,
12,O-2025-0012,PAPER-SRA3-80-COATEDGLOSS-K,SRA3 Coated Gloss 80 gsm White qty 13 reams,13,ream,6.39,83.07,0.821,manual review suggested
13,O-2025-0013,PAPER-A2-200-COPY,A2 Copy 200 gsm White qty 18 reams,18,ream,13.88,249.84,0.829,auto-mapped
14,O-2025-0014,PAPER-A4-170-COATEDGLOSS-K,A4 Coated Gloss 170 gsm Bright White qty 44 reams,44,ream,7.46,328.24,0.855,manual review suggested
15,O-2025-0015,PAPER-SRA3-160-OFFSET,SRA3 Offset 160 gsm Bright White qty 2 pallets,2,pallet,622.28,1244.56,0.821,
16,O-2025-0016,PAPER-A2-250-OFFSET,A2 Offset 250 gsm Recycled qty 99 boxs,99,box,68.25,6756.75,0.965,manual review suggested
17,O-2025-0017,PAPER-SRA3-90-COATEDGLOSS,SRA3 Coated Gloss 90 gsm Ivory qty 35 reams,35,ream,7.27,254.45,0.758,manual review suggested
18,O-2025-0018,PAPER-A4-300-UNCOATED,A4 Uncoated 300 gsm Ivory qty 70 boxs,70,box,41.11,2877.7,0.974,
19,O-2025-0019,PAPER-A2-80-COATEDGLOSS-E,A2 Coated Gloss 80 gsm White qty 40 boxs,40,box,35.29,1411.6,0.896,
20,O-2025-0020,PAPER-A2-170-OFFSET,A2 Offset 170 gsm Bright White qty 26 reams,26,ream,11.98,311.48,0.963,auto-mapped
21,O-2025-0021,PAPER-A3-120-COATEDGLOSS,A3 Coated Gloss 120 gsm White qty 22 reams,22,ream,7.17,157.74,0.751,
22,O-2025-0022,PAPER-SRA3-100-UNCOATED,SRA3 Uncoated 100 gsm Bright White qty 48 reams,48,ream,7.56,362.88,0.84,manual review suggested
23,O-2025-0023,PAPER-A2-80-OFFSET-B,A2 Offset 80 gsm Bright White qty 18 reams,18,ream,7.95,143.1,0.799,
24,O-2025-0024,PAPER-SRA3-170-COATEDMATTE-H,SRA3 Coated Matte 170 gsm Bright White qty 61 boxs,61,box,44.03,2685.83,0.901,
25,O-2025-0025,PAPER-A2-120-COPY,A2 Copy 120 gsm Bright White qty 16 reams,16,ream,9.68,154.88,0.859,
26,O-2025-0026,PAPER-A5-300-COPY,A5 Copy 300 gsm Bright White qty 50 reams,50,ream,7.13,356.5,0.874,
27,O-2025-0027,PAPER-A5-100-UNCOATED-K,A5 Uncoated 100 gsm White qty 8 pallets,8,pallet,483.07,3864.56,0.923,auto-mapped
28,O-2025-0028,PAPER-SRA3-100-COATEDGLOSS,SRA3 Coated Gloss 100 gsm Bright White qty 76 boxs,76,box,34.33,2609.08,0.82,
29,O-2025-0029,PAPER-A2-90-COATEDMATTE,A2 Coated Matte 90 gsm Recycled qty 34 reams,34,ream,8.2,278.8,0.881,
30,O-2025-0030,PAPER-SRA3-75-COATEDGLOSS,SRA3 Coated Gloss 75 gsm Recycled qty 9 reams,9,ream,6.92,62.28,0.958,
31,O-2025-0031,PAPER-A4-80-CARDSTOCK-P,A4 Cardstock 80 gsm Recycled qty 14 rolls,14,roll,42.02,588.28,0.888,manual review suggested
32,O-2025-0032,PAPER-A5-90-COATEDGLOSS-O,A5 Coated Gloss 90 gsm Ivory qty 2 pallets,2,pallet,515.25,1030.5,0.925,
33,O-2025-0033,PAPER-A5-80-UNCOATED-Q,A5 Uncoated 80 gsm Ivory qty 47 boxs,47,box,22.99,1080.53,0.941,auto-mapped
34,O-2025-0034,PAPER-A5-90-COATEDGLOSS,A5 Coated Gloss 90 gsm Ivory qty 25 reams,25,ream,4.55,113.75,0.916,manual review suggested
35,O-2025-0035,PAPER-A3-140-COPY-Y,A3 Copy 140 gsm Recycled qty 38 reams,38,ream,7.76,294.88,0.938,
36,O-2025-0036,PAPER-A2-170-COPY,A2 Copy 170 gsm Recycled qty 37 reams,37,ream,11.8,436.6,0.951,auto-mapped
37,O-2025-0037,PAPER-A3-90-COPY-Y,A3 Copy 90 gsm Ivory qty 32 reams,32,ream,6.61,211.52,0.955,manual review suggested
38,O-2025-0038,PAPER-A2-300-COATEDGLOSS,A2 Coated Gloss 300 gsm White qty 43 boxs,43,box,78.39,3370.77,0.95,
39,O-2025-0039,PAPER-A5-160-COPY-E,A5 Copy 160 gsm Bright White qty 12 reams,12,ream,5.49,65.88,0.966,auto-mapped
40,O-2025-0040,PAPER-A2-70-COATEDGLOSS,A2 Coated Gloss 70 gsm Bright White qty 33 boxs,33,box,31.17,1028.61,0.791,
41,O-2025-0041,PAPER-A5-80-OFFSET,A5 Offset 80 gsm Ivory qty 5 boxs,5,box,21.46,107.3,0.826,manual review suggested
42,O-2025-0042,PAPER-A3-250-COPY,A3 Copy 250 gsm Recycled qty 35 reams,35,ream,11.8,413.0,0.863,
43,O-2025-0043,PAPER-A4-300-OFFSET-I,A4 Offset 300 gsm Recycled qty 8 reams,8,ream,9.28,74.24,0.933,
44,O-2025-0044,PAPER-A2-250-COATEDMATTE-Y,A2 Coated Matte 250 gsm Ivory qty 45 boxs,45,box,67.9,3055.5,0.926,auto-mapped
45,O-2025-0045,PAPER-A3-300-OFFSET-E,A3 Offset 300 gsm Bright White qty 14 reams,14,ream,13.32,186.48,0.879,
46,O-2025-0046,PAPER-SRA3-80-COATEDGLOSS-I,SRA3 Coated Gloss 80 gsm Ivory qty 9 pallets,9,pallet,537.99,4841.91,0.904,
47,O-2025-0047,PAPER-A3-90-COATEDGLOSS,A3 Coated Gloss 90 gsm Recycled qty 38 reams,38,ream,6.57,249.66,0.822,
48,O-2025-0048,PAPER-A2-70-COPY-P,A2 Copy 70 gsm Ivory qty 28 reams,28,ream,7.47,209.16,0.805,manual review suggested
49,O-2025-0049,PAPER-SRA3-300-COATEDGLOSS-B,SRA3 Coated Gloss 300 gsm White qty 47 reams,47,ream,14.76,693.72,0.838,
50,O-2025-0050,PAPER-A5-100-COATEDMATTE-F,A5 Coated Matte 100 gsm Bright White qty 6 reams,6,ream,5.13,30.78,0.918,auto-mapped
51,O-2025-0051,PAPER-A3-120-COATEDGLOSS-Y,A3 Coated Gloss 120 gsm Ivory qty 30 reams,30,ream,7.83,234.9,0.822,manual review suggested
52,O-2025-0052,PAPER-A4-120-CARDSTOCK,A4 Cardstock 120 gsm Ivory qty 13 reams,13,ream,6.45,83.85,0.962,
53,O-2025-0053,PAPER-A5-100-OFFSET,A5 Offset 100 gsm Ivory qty 30 reams,30,ream,4.75,142.5,0.894,manual review suggested
54,O-2025-0054,PAPER-SRA3-120-OFFSET-H,SRA3 Offset 120 gsm White qty 22 reams,22,ream,8.16,179.52,0.882,
55,O-2025-0055,PAPER-SRA3-200-COATEDMATTE-J,SRA3 Coated Matte 200 gsm White qty 26 reams,26,ream,11.47,298.22,0.803,manual review suggested
56,O-2025-0056,PAPER-SRA3-300-COPY-W,SRA3 Copy 300 gsm Ivory qty 31 reams,31,ream,14.8,458.8,0.838,manual review suggested
57,O-2025-0057,PAPER-A3-120-UNCOATED,A3 Uncoated 120 gsm Ivory qty 41 reams,41,ream,7.2,295.2,0.836,
58,O-2025-0058,PAPER-A3-170-UNCOATED-G,A3 Uncoated 170 gsm Bright White qty 15 reams,15,ream,8.94,134.1,0.957,manual review suggested
59,O-2025-0059,PAPER-A2-80-COATEDGLOSS,A2 Coated Gloss 80 gsm Recycled qty 9 pallets,9,pallet,573.24,5159.16,0.879,manual review suggested
60,O-2025-0060,PAPER-A3-160-COPY,A3 Copy 160 gsm Recycled qty 8 reams,8,ream,8.94,71.52,0.873,
61,O-2025-0061,PAPER-A3-75-UNCOATED-E,A3 Uncoated 75 gsm Ivory qty 11 rolls,11,roll,42.88,471.68,0.976,manual review suggested
62,O-2025-0062,PAPER-A2-250-COPY,A2 Copy 250 gsm White qty 86 boxs,86,box,67.34,5791.24,0.909,
63,O-2025-0063,PAPER-A5-250-COATEDGLOSS,A5 Coated Gloss 250 gsm White qty 12 boxs,12,box,29.44,353.28,0.925,
64,O-2025-0064,PAPER-A2-70-CARDSTOCK-S,A2 Cardstock 70 gsm White qty 58 boxs,58,box,31.11,1804.38,0.756,manual review suggested
65,O-2025-0065,PAPER-A3-170-OFFSET,A3 Offset 170 gsm White qty 62 boxs,62,box,40.33,2500.46,0.966,manual review suggested
66,O-2025-0066,PAPER-SRA3-160-COATEDGLOSS-P,SRA3 Coated Gloss 160 gsm Bright White qty 31 boxs,31,box,43.32,1342.92,0.977,
67,O-2025-0067,PAPER-A5-80-COATEDGLOSS,A5 Coated Gloss 80 gsm White qty 8 pallets,8,pallet,494.02,3952.16,0.819,manual review suggested
68,O-2025-0068,PAPER-A3-170-UNCOATED-P,A3 Uncoated 170 gsm Ivory qty 6 boxs,6,box,40.73,244.38,0.906,
69,O-2025-0069,PAPER-SRA3-100-OFFSET-W,SRA3 Offset 100 gsm Bright White qty 91 boxs,91,box,34.12,3104.92,0.976,
70,O-2025-0070,PAPER-A5-90-COATEDMATTE-L,A5 Coated Matte 90 gsm Ivory qty 47 reams,47,ream,4.49,211.03,0.795,auto-mapped
71,O-2025-0071,PAPER-A4-100-COATEDMATTE,A4 Coated Matte 100 gsm Bright White qty 44 reams,44,ream,5.56,244.64,0.752,
72,O-2025-0072,PAPER-SRA3-170-COATEDMATTE-H,SRA3 Coated Matte 170 gsm Bright White qty 15 boxs,15,box,44.03,660.45,0.806,
73,O-2025-0073,PAPER-A5-200-COATEDGLOSS-J,A5 Coated Gloss 200 gsm Ivory qty 18 reams,18,ream,5.89,106.02,0.761,
74,O-2025-0074,PAPER-A3-140-CARDSTOCK-I,A3 Cardstock 140 gsm White qty 77 boxs,77,box,36.48,2808.96,0.818,manual review suggested
75,O-2025-0075,PAPER-SRA3-100-COATEDGLOSS-O,SRA3 Coated Gloss 100 gsm Recycled qty 9 reams,9,ream,7.01,63.09,0.881,auto-mapped
76,O-2025-0076,PAPER-A4-300-OFFSET-I,A4 Offset 300 gsm Recycled qty 14 reams,14,ream,9.28,129.92,0.842,
77,O-2025-0077,PAPER-A3-160-COATEDMATTE-J,A3 Coated Matte 160 gsm Recycled qty 65 boxs,65,box,39.21,2548.65,0.935,manual review suggested
78,O-2025-0078,PAPER-A4-200-OFFSET,A4 Offset 200 gsm Recycled qty 41 reams,41,ream,7.63,312.83,0.933,
79,O-2025-0079,PAPER-SRA3-300-UNCOATED,SRA3 Uncoated 300 gsm Bright White qty 33 boxs,33,box,64.6,2131.8,0.801,
80,O-2025-0080,PAPER-A4-140-UNCOATED-C,A4 Uncoated 140 gsm Bright White qty 7 pallets,7,pallet,567.8,3974.6,0.768,manual review suggested
81,O-2025-0081,PAPER-A2-250-CARDSTOCK-V,A2 Cardstock 250 gsm White qty 43 boxs,43,box,69.07,2970.01,0.88,
82,O-2025-0082,PAPER-A2-120-COPY,A2 Copy 120 gsm Bright White qty 8 reams,8,ream,9.68,77.44,0.898,
83,O-2025-0083,PAPER-A3-140-CARDSTOCK-G,A3 Cardstock 140 gsm White qty 3 pallets,3,pallet,612.68,1838.04,0.841,
84,O-2025-0084,PAPER-A2-170-CARDSTOCK,A2 Cardstock 170 gsm Recycled qty 49 reams,49,ream,12.48,611.52,0.905,auto-mapped
85,O-2025-0085,PAPER-A4-170-COPY,A4 Copy 170 gsm Recycled qty 81 boxs,81,box,31.87,2581.47,0.762,
86,O-2025-0086,PAPER-A4-75-COATEDMATTE,A4 Coated Matte 75 gsm Ivory qty 13 boxs,13,box,24.67,320.71,0.917,manual review suggested
87,O-2025-0087,PAPER-A4-170-UNCOATED,A4 Uncoated 170 gsm Ivory qty 7 boxs,7,box,31.34,219.38,0.951,manual review suggested
88,O-2025-0088,PAPER-A2-200-COATEDGLOSS,A2 Coated Gloss 200 gsm Bright White qty 13 reams,13,ream,13.75,178.75,0.827,auto-mapped
89,O-2025-0089,PAPER-A3-160-COPY,A3 Copy 160 gsm Recycled qty 19 reams,19,ream,8.94,169.86,0.907,auto-mapped
90,O-2025-0090,PAPER-A5-80-COATEDGLOSS,A5 Coated Gloss 80 gsm White qty 2 pallets,2,pallet,494.02,988.04,0.969,
91,O-2025-0091,PAPER-SRA3-90-COPY,SRA3 Copy 90 gsm Ivory qty 9 pallets,9,pallet,559.72,5037.48,0.927,manual review suggested
92,O-2025-0092,PAPER-SRA3-90-COATEDGLOSS,SRA3 Coated Gloss 90 gsm Ivory qty 6 reams,6,ream,7.27,43.62,0.965,manual review suggested
93,O-2025-0093,PAPER-A3-250-UNCOATED-L,A3 Uncoated 250 gsm Ivory qty 26 reams,26,ream,12.09,314.34,0.949,manual review suggested
94,O-2025-0094,PAPER-A5-100-CARDSTOCK-J,A5 Cardstock 100 gsm Recycled qty 19 boxs,19,box,23.71,450.49,0.778,
95,O-2025-0095,PAPER-A2-300-UNCOATED-V,A2 Uncoated 300 gsm Ivory qty 16 rolls,16,roll,82.37,1317.92,0.934,
96,O-2025-0096,PAPER-A2-160-COATEDMATTE,A2 Coated Matte 160 gsm White qty 47 reams,47,ream,11.53,541.91,0.917,auto-mapped
97,O-2025-0097,PAPER-A2-70-COATEDGLOSS-G,A2 Coated Gloss 70 gsm White qty 25 reams,25,ream,7.43,185.75,0.961,manual review suggested
98,O-2025-0098,PAPER-A4-120-UNCOATED-O,A4 Uncoated 120 gsm White qty 22 reams,22,ream,5.71,125.62,0.811,manual review suggested
99,O-2025-0099,PAPER-A4-200-OFFSET,A4 Offset 200 gsm Recycled qty 14 reams,14,ream,7.63,106.82,0.809,
100,O-2025-0100,PAPER-A2-200-COATEDMATTE,A2 Coated Matte 200 gsm Recycled qty 39 reams,39,ream,13.45,524.55,0.812,
101,O-2025-0101,PAPER-SRA3-160-OFFSET-O,SRA3 Offset 160 gsm Bright White qty 36 reams,36,ream,9.64,347.04,0.779,
102,O-2025-0102,PAPER-A5-100-COPY,A5 Copy 100 gsm Ivory qty 25 reams,25,ream,5.21,130.25,0.755,manual review suggested
103,O-2025-0103,PAPER-A3-160-UNCOATED-W,A3 Uncoated 160 gsm Recycled qty 32 reams,32,ream,8.61,275.52,0.771,auto-mapped
104,O-2025-0104,PAPER-A5-75-COATEDMATTE-U,A5 Coated Matte 75 gsm Bright White qty 38 reams,38,ream,4.72,179.36,0.765,
105,O-2025-0105,PAPER-A4-160-COPY,A4 Copy 160 gsm Bright White qty 1 pallets,1,pallet,559.44,559.44,0.841,
106,O-2025-0106,PAPER-SRA3-140-CARDSTOCK-O,SRA3 Cardstock 140 gsm Bright White qty 41 reams,41,ream,8.96,367.36,0.915,manual review suggested
107,O-2025-0107,PAPER-A2-90-CARDSTOCK-F,A2 Cardstock 90 gsm Ivory qty 33 reams,33,ream,8.59,283.47,0.808,manual review suggested
108,O-2025-0108,PAPER-A2-100-COATEDMATTE,A2 Coated Matte 100 gsm White qty 14 reams,14,ream,8.39,117.46,0.921,auto-mapped
109,O-2025-0109,PAPER-A5-90-COATEDMATTE,A5 Coated Matte 90 gsm White qty 22 reams,22,ream,4.48,98.56,0.783,
110,O-2025-0110,PAPER-A3-200-COATEDGLOSS-P,A3 Coated Gloss 200 gsm Bright White qty 6 pallets,6,pallet,625.22,3751.32,0.892,auto-mapped
111,O-2025-0111,PAPER-A3-170-OFFSET,A3 Offset 170 gsm White qty 20 boxs,20,box,40.33,806.6,0.878,
112,O-2025-0112,PAPER-A3-250-CARDSTOCK,A3 Cardstock 250 gsm Bright White qty 7 pallets,7,pallet,672.15,4705.05,0.849,
113,O-2025-0113,PAPER-A5-90-OFFSET,A5 Offset 90 gsm White qty 15 reams,15,ream,4.81,72.15,0.955,auto-mapped
114,O-2025-0114,PAPER-SRA3-120-COATEDMATTE-Y,SRA3 Coated Matte 120 gsm White qty 35 reams,35,ream,7.95,278.25,0.936,auto-mapped
115,O-2025-0115,PAPER-A3-80-COATEDGLOSS,A3 Coated Gloss 80 gsm White qty 9 pallets,9,pallet,547.25,4925.25,0.918,auto-mapped
116,O-2025-0116,PAPER-A4-160-UNCOATED-J,A4 Uncoated 160 gsm Bright White qty 10 reams,10,ream,6.85,68.5,0.862,auto-mapped
117,O-2025-0117,PAPER-A4-100-COATEDMATTE,A4 Coated Matte 100 gsm Bright White qty 44 reams,44,ream,5.56,244.64,0.795,
118,O-2025-0118,PAPER-A2-200-COATEDMATTE-R,A2 Coated Matte 200 gsm Ivory qty 8 pallets,8,pallet,745.64,5965.12,0.805,
119,O-2025-0119,PAPER-A5-250-CARDSTOCK-A,A5 Cardstock 250 gsm Bright White qty 46 reams,46,ream,6.53,300.38,0.806,manual review suggested
120,O-2025-0120,PAPER-SRA3-140-UNCOATED,SRA3 Uncoated 140 gsm White qty 9 pallets,9,pallet,635.54,5719.86,0.926,manual review suggested
121,O-2025-0121,PAPER-A4-300-COPY-U,A4 Copy 300 gsm Bright White qty 11 reams,11,ream,9.85,108.35,0.936,manual review suggested
122,O-2025-0122,PAPER-A3-80-CARDSTOCK,A3 Cardstock 80 gsm White qty 13 reams,13,ream,5.79,75.27,0.944,
123,O-2025-0123,PAPER-A5-120-UNCOATED,A5 Uncoated 120 gsm Bright White qty 54 boxs,54,box,24.53,1324.62,0.755,auto-mapped
124,O-2025-0124,PAPER-A3-80-COATEDGLOSS-B,A3 Coated Gloss 80 gsm Recycled qty 30 reams,30,ream,6.38,191.4,0.923,
125,O-2025-0125,PAPER-SRA3-80-COATEDGLOSS-K,SRA3 Coated Gloss 80 gsm White qty 48 reams,48,ream,6.39,306.72,0.867,manual review suggested
126,O-2025-0126,PAPER-A5-170-UNCOATED,A5 Uncoated 170 gsm White qty 76 boxs,76,box,25.57,1943.32,0.778,
127,O-2025-0127,PAPER-SRA3-250-UNCOATED-P,SRA3 Uncoated 250 gsm Bright White qty 17 reams,17,ream,13.24,225.08,0.95,
128,O-2025-0128,PAPER-A5-90-COATEDGLOSS,A5 Coated Gloss 90 gsm Ivory qty 35 reams,35,ream,4.55,159.25,0.801,
129,O-2025-0129,PAPER-A3-170-COATEDGLOSS-W,A3 Coated Gloss 170 gsm Ivory qty 16 reams,16,ream,8.9,142.4,0.894,
130,O-2025-0130,PAPER-A3-300-COATEDGLOSS,A3 Coated Gloss 300 gsm White qty 14 rolls,14,roll,65.09,911.26,0.97,
131,O-2025-0131,PAPER-SRA3-300-COPY-W,SRA3 Copy 300 gsm Ivory qty 21 reams,21,ream,14.8,310.8,0.932,
132,O-2025-0132,PAPER-A3-100-COATEDGLOSS,A3 Coated Gloss 100 gsm Ivory qty 19 reams,19,ream,6.57,124.83,0.92,
133,O-2025-0133,PAPER-A4-160-UNCOATED-J,A4 Uncoated 160 gsm Bright White qty 11 reams,11,ream,6.85,75.35,0.85,
134,O-2025-0134,PAPER-A4-100-COATEDMATTE,A4 Coated Matte 100 gsm Bright White qty 10 reams,10,ream,5.56,55.6,0.951,
135,O-2025-0135,PAPER-SRA3-80-UNCOATED,SRA3 Uncoated 80 gsm Ivory qty 36 reams,36,ream,6.79,244.44,0.946,
136,O-2025-0136,PAPER-A2-200-COATEDMATTE-R,A2 Coated Matte 200 gsm Ivory qty 2 pallets,2,pallet,745.64,1491.28,0.851,auto-mapped
137,O-2025-0137,PAPER-A4-70-UNCOATED,A4 Uncoated 70 gsm White qty 34 reams,34,ream,5.0,170.0,0.756,
138,O-2025-0138,PAPER-SRA3-80-UNCOATED-Z,SRA3 Uncoated 80 gsm Bright White qty 44 reams,44,ream,6.34,278.96,0.832,
139,O-2025-0139,PAPER-A3-75-COPY,A3 Copy 75 gsm Bright White qty 20 boxs,20,box,28.01,560.2,0.91,auto-mapped
140,O-2025-0140,PAPER-A2-300-COATEDMATTE,A2 Coated Matte 300 gsm Recycled qty 94 boxs,94,box,77.58,7292.52,0.905,auto-mapped
141,O-2025-0141,PAPER-A3-120-COATEDGLOSS-Y,A3 Coated Gloss 120 gsm Ivory qty 8 reams,8,ream,7.83,62.64,0.978,auto-mapped
142,O-2025-0142,PAPER-A5-160-COATEDMATTE,A5 Coated Matte 160 gsm Ivory qty 7 pallets,7,pallet,487.86,3415.02,0.947,
143,O-2025-0143,PAPER-A3-170-OFFSET,A3 Offset 170 gsm White qty 78 boxs,78,box,40.33,3145.74,0.778,manual review suggested
144,O-2025-0144,PAPER-A3-170-COATEDMATTE,A3 Coated Matte 170 gsm Recycled qty 4 pallets,4,pallet,643.97,2575.88,0.854,auto-mapped
145,O-2025-0145,PAPER-SRA3-100-COATEDMATTE,SRA3 Coated Matte 100 gsm Bright White qty 38 reams,38,ream,7.27,276.26,0.954,auto-mapped
146,O-2025-0146,PAPER-A3-90-CARDSTOCK-Q,A3 Cardstock 90 gsm Recycled qty 32 boxs,32,box,29.73,951.36,0.82,
147,O-2025-0147,PAPER-A5-170-OFFSET,A5 Offset 170 gsm Ivory qty 76 boxs,76,box,25.74,1956.24,0.936,manual review suggested
148,O-2025-0148,PAPER-SRA3-160-UNCOATED,SRA3 Uncoated 160 gsm Bright White qty 74 boxs,74,box,43.53,3221.22,0.892,
149,O-2025-0149,PAPER-A3-160-CARDSTOCK-K,A3 Cardstock 160 gsm Ivory qty 28 reams,28,ream,8.86,248.08,0.9,
150,O-2025-0150,PAPER-A3-300-COPY-A,A3 Copy 300 gsm Bright White qty 32 reams,32,ream,13.47,431.04,0.773,
151,O-2025-0151,PAPER-SRA3-80-COATEDGLOSS,SRA3 Coated Gloss 80 gsm Bright White qty 17 reams,17,ream,6.72,114.24,0.767,
152,O-2025-0152,PAPER-A5-300-COATEDGLOSS,A5 Coated Gloss 300 gsm White qty 50 reams,50,ream,7.23,361.5,0.967,
153,O-2025-0153,PAPER-A5-120-COPY,A5 Copy 120 gsm Recycled qty 50 reams,50,ream,5.23,261.5,0.964,
154,O-2025-0154,PAPER-SRA3-70-CARDSTOCK,SRA3 Cardstock 70 gsm Ivory qty 8 reams,8,ream,6.54,52.32,0.917,
155,O-2025-0155,PAPER-SRA3-300-COATEDGLOSS-H,SRA3 Coated Gloss 300 gsm Recycled qty 11 reams,11,ream,15.47,170.17,0.895,auto-mapped
156,O-2025-0156,PAPER-A2-90-COATEDMATTE-P,A2 Coated Matte 90 gsm Recycled qty 17 boxs,17,box,37.49,637.33,0.854,
157,O-2025-0157,PAPER-SRA3-75-OFFSET,SRA3 Offset 75 gsm Bright White qty 100 boxs,100,box,28.58,2858.0,0.966,
158,O-2025-0158,PAPER-A3-200-CARDSTOCK-N,A3 Cardstock 200 gsm White qty 39 boxs,39,box,44.63,1740.57,0.899,auto-mapped
159,O-2025-0159,PAPER-A3-90-CARDSTOCK,A3 Cardstock 90 gsm Recycled qty 45 reams,45,ream,6.44,289.8,0.903,manual review suggested
160,O-2025-0160,PAPER-A4-80-CARDSTOCK-P,A4 Cardstock 80 gsm Recycled qty 13 rolls,13,roll,42.02,546.26,0.838,auto-mapped
161,O-2025-0161,PAPER-A5-170-CARDSTOCK,A5 Cardstock 170 gsm Recycled qty 41 reams,41,ream,5.63,230.83,0.965,auto-mapped
162,O-2025-0162,PAPER-A3-170-UNCOATED-G,A3 Uncoated 170 gsm Bright White qty 21 reams,21,ream,8.94,187.74,0.97,auto-mapped
163,O-2025-0163,PAPER-A4-200-CARDSTOCK,A4 Cardstock 200 gsm White qty 25 reams,25,ream,7.54,188.5,0.797,
164,O-2025-0164,PAPER-A5-170-COPY,A5 Copy 170 gsm Ivory qty 43 reams,43,ream,5.3,227.9,0.918,
165,O-2025-0165,PAPER-A3-300-UNCOATED,A3 Uncoated 300 gsm White qty 22 reams,22,ream,13.26,291.72,0.875,auto-mapped
166,O-2025-0166,PAPER-SRA3-160-UNCOATED-P,SRA3 Uncoated 160 gsm Bright White qty 25 reams,25,ream,9.68,242.0,0.766,
167,O-2025-0167,PAPER-A3-100-COPY,A3 Copy 100 gsm Recycled qty 37 reams,37,ream,6.76,250.12,0.977,
168,O-2025-0168,PAPER-A4-80-COPY-V,A4 Copy 80 gsm Bright White qty 35 reams,35,ream,5.19,181.65,0.843,
169,O-2025-0169,PAPER-A2-160-COATEDGLOSS,A2 Coated Gloss 160 gsm White qty 9 reams,9,ream,11.84,106.56,0.855,
170,O-2025-0170,PAPER-A2-100-COATEDMATTE-A,A2 Coated Matte 100 gsm White qty 39 reams,39,ream,8.54,333.06,0.797,auto-mapped
171,O-2025-0171,PAPER-A4-200-COATEDMATTE-W,A4 Coated Matte 200 gsm Ivory qty 10 pallets,10,pallet,592.57,5925.7,0.858,manual review suggested
172,O-2025-0172,PAPER-A5-100-COATEDMATTE-P,A5 Coated Matte 100 gsm Ivory qty 89 boxs,89,box,22.92,2039.88,0.798,auto-mapped
173,O-2025-0173,PAPER-SRA3-120-OFFSET-Z,SRA3 Offset 120 gsm Bright White qty 46 reams,46,ream,7.99,367.54,0.883,auto-mapped
174,O-2025-0174,PAPER-SRA3-160-OFFSET,SRA3 Offset 160 gsm Bright White qty 2 pallets,2,pallet,622.28,1244.56,0.889,
175,O-2025-0175,PAPER-SRA3-120-OFFSET-Z,SRA3 Offset 120 gsm Bright White qty 23 reams,23,ream,7.99,183.77,0.791,
176,O-2025-0176,PAPER-SRA3-120-COATEDMATTE-Y,SRA3 Coated Matte 120 gsm White qty 42 reams,42,ream,7.95,333.9,0.864,
177,O-2025-0177,PAPER-A4-100-COATEDGLOSS,A4 Coated Gloss 100 gsm Ivory qty 94 boxs,94,box,26.22,2464.68,0.916,
178,O-2025-0178,PAPER-A3-200-CARDSTOCK,A3 Cardstock 200 gsm White qty 24 reams,24,ream,9.69,232.56,0.893,auto-mapped
179,O-2025-0179,PAPER-A3-200-CARDSTOCK,A3 Cardstock 200 gsm White qty 38 reams,38,ream,9.69,368.22,0.76,
180,O-2025-0180,PAPER-A5-100-COATEDMATTE-P,A5 Coated Matte 100 gsm Ivory qty 70 boxs,70,box,22.92,1604.4,0.948,auto-mapped
181,O-2025-0181,PAPER-A4-75-OFFSET,A4 Offset 75 gsm Recycled qty 53 boxs,53,box,24.46,1296.38,0.845,
182,O-2025-0182,PAPER-A2-75-UNCOATED,A2 Uncoated 75 gsm White qty 43 reams,43,ream,7.44,319.92,0.865,auto-mapped
183,O-2025-0183,PAPER-A2-80-COATEDMATTE-Q,A2 Coated Matte 80 gsm Ivory qty 37 reams,37,ream,7.78,287.86,0.904,auto-mapped
184,O-2025-0184,PAPER-A5-120-COATEDGLOSS,A5 Coated Gloss 120 gsm Recycled qty 2 pallets,2,pallet,488.87,977.74,0.804,manual review suggested
185,O-2025-0185,PAPER-A2-100-CARDSTOCK,A2 Cardstock 100 gsm Recycled qty 71 boxs,71,box,38.76,2751.96,0.79,
186,O-2025-0186,PAPER-SRA3-300-COPY-B,SRA3 Copy 300 gsm White qty 8 pallets,8,pallet,772.58,6180.64,0.903,
187,O-2025-0187,PAPER-A2-200-COATEDGLOSS,A2 Coated Gloss 200 gsm Bright White qty 43 reams,43,ream,13.75,591.25,0.963,auto-mapped
188,O-2025-0188,PAPER-SRA3-90-CARDSTOCK-N,SRA3 Cardstock 90 gsm Recycled qty 32 reams,32,ream,6.66,213.12,0.782,auto-mapped
189,O-2025-0189,PAPER-SRA3-200-COATEDMATTE,SRA3 Coated Matte 200 gsm Recycled qty 7 reams,7,ream,11.13,77.91,0.961,auto-mapped
190,O-2025-0190,PAPER-SRA3-250-COATEDMATTE-H,SRA3 Coated Matte 250 gsm Ivory qty 98 boxs,98,box,55.63,5451.74,0.876,
191,O-2025-0191,PAPER-A3-120-UNCOATED,A3 Uncoated 120 gsm Ivory qty 24 reams,24,ream,7.2,172.8,0.908,
192,O-2025-0192,PAPER-A2-200-OFFSET,A2 Offset 200 gsm Recycled qty 46 reams,46,ream,13.99,643.54,0.779,auto-mapped
193,O-2025-0193,PAPER-A3-80-COATEDMATTE,A3 Coated Matte 80 gsm White qty 25 reams,25,ream,6.33,158.25,0.847,auto-mapped
194,O-2025-0194,PAPER-SRA3-120-COATEDMATTE-Y,SRA3 Coated Matte 120 gsm White qty 48 reams,48,ream,7.95,381.6,0.848,
195,O-2025-0195,PAPER-SRA3-300-UNCOATED,SRA3 Uncoated 300 gsm Bright White qty 77 boxs,77,box,64.6,4974.2,0.869,manual review suggested
196,O-2025-0196,PAPER-A4-170-OFFSET,A4 Offset 170 gsm Ivory qty 29 reams,29,ream,6.98,202.42,0.949,
197,O-2025-0197,PAPER-A3-140-OFFSET,A3 Offset 140 gsm White qty 17 reams,17,ream,8.39,142.63,0.785,manual review suggested
198,O-2025-0198,PAPER-A5-170-OFFSET,A5 Offset 170 gsm Ivory qty 44 boxs,44,box,25.74,1132.56,0.914,
199,O-2025-0199,PAPER-A2-75-COATEDMATTE,A2 Coated Matte 75 gsm Recycled qty 28 reams,28,ream,7.55,211.4,0.81,manual review suggested
200,O-2025-0200,PAPER-A4-70-CARDSTOCK,A4 Cardstock 70 gsm Bright White qty 3 pallets,3,pallet,525.82,1577.46,0.954,
201,O-2025-0201,PAPER-SRA3-120-COATEDMATTE,SRA3 Coated Matte 120 gsm Recycled qty 86 boxs,86,box,35.86,3083.96,0.876,
202,O-2025-0202,PAPER-SRA3-140-UNCOATED,SRA3 Uncoated 140 gsm White qty 1 pallets,1,pallet,635.54,635.54,0.876,auto-mapped
203,O-2025-0203,PAPER-SRA3-100-CARDSTOCK,SRA3 Cardstock 100 gsm Ivory qty 60 boxs,60,box,34.31,2058.6,0.942,manual review suggested
204,O-2025-0204,PAPER-A2-100-COATEDMATTE,A2 Coated Matte 100 gsm White qty 30 reams,30,ream,8.39,251.7,0.891,auto-mapped
205,O-2025-0205,PAPER-A3-170-COATEDMATTE-Y,A3 Coated Matte 170 gsm Bright White qty 6 reams,6,ream,9.22,55.32,0.835,manual review suggested
206,O-2025-0206,PAPER-A3-300-OFFSET,A3 Offset 300 gsm White qty 48 boxs,48,box,57.38,2754.24,0.827,auto-mapped
207,O-2025-0207,PAPER-SRA3-250-COPY,SRA3 Copy 250 gsm Bright White qty 94 boxs,94,box,56.11,5274.34,0.918,auto-mapped
208,O-2025-0208,PAPER-A2-70-COPY-P,A2 Copy 70 gsm Ivory qty 35 reams,35,ream,7.47,261.45,0.978,
209,O-2025-0209,PAPER-A3-160-UNCOATED-O,A3 Uncoated 160 gsm Bright White qty 5 reams,5,ream,8.64,43.2,0.89,manual review suggested
210,O-2025-0210,PAPER-A5-300-OFFSET,A5 Offset 300 gsm Recycled qty 23 reams,23,ream,6.84,157.32,0.802,
211,O-2025-0211,PAPER-A4-140-COATEDGLOSS,A4 Coated Gloss 140 gsm Bright White qty 47 reams,47,ream,6.7,314.9,0.89,
212,O-2025-0212,PAPER-A2-80-COATEDMATTE-Q,A2 Coated Matte 80 gsm Ivory qty 16 reams,16,ream,7.78,124.48,0.823,
213,O-2025-0213,PAPER-A3-300-OFFSET-E,A3 Offset 300 gsm Bright White qty 11 reams,11,ream,13.32,146.52,0.955,
214,O-2025-0214,PAPER-A3-170-COPY,A3 Copy 170 gsm Recycled qty 41 reams,41,ream,8.67,355.47,0.832,
215,O-2025-0215,PAPER-A4-80-CARDSTOCK-X,A4 Cardstock 80 gsm Bright White qty 48 reams,48,ream,5.35,256.8,0.834,
216,O-2025-0216,PAPER-A2-100-CARDSTOCK-H,A2 Cardstock 100 gsm Bright White qty 44 reams,44,ream,8.48,373.12,0.892,
217,O-2025-0217,PAPER-A2-75-COATEDMATTE,A2 Coated Matte 75 gsm Recycled qty 18 reams,18,ream,7.55,135.9,0.902,auto-mapped
218,O-2025-0218,PAPER-A4-170-COATEDMATTE,A4 Coated Matte 170 gsm Ivory qty 19 reams,19,ream,6.67,126.73,0.821,
219,O-2025-0219,PAPER-A5-120-COATEDGLOSS-L,A5 Coated Gloss 120 gsm Recycled qty 41 reams,41,ream,5.27,216.07,0.878,manual review suggested
220,O-2025-0220,PAPER-A3-100-OFFSET,A3 Offset 100 gsm Ivory qty 3 pallets,3,pallet,546.2,1638.6,0.793,
221,O-2025-0221,PAPER-SRA3-120-OFFSET-B,SRA3 Offset 120 gsm Recycled qty 7 reams,7,ream,8.27,57.89,0.913,auto-mapped
222,O-2025-0222,PAPER-SRA3-300-COATEDGLOSS,SRA3 Coated Gloss 300 gsm Recycled qty 47 reams,47,ream,15.15,712.05,0.967,
223,O-2025-0223,PAPER-A4-170-COATEDGLOSS-K,A4 Coated Gloss 170 gsm Bright White qty 36 reams,36,ream,7.46,268.56,0.833,
224,O-2025-0224,PAPER-A3-250-UNCOATED,A3 Uncoated 250 gsm Bright White qty 55 boxs,55,box,51.11,2811.05,0.907,
225,O-2025-0225,PAPER-A2-90-COATEDGLOSS,A2 Coated Gloss 90 gsm Bright White qty 30 reams,30,ream,7.74,232.2,0.856,
226,O-2025-0226,PAPER-A4-70-UNCOATED,A4 Uncoated 70 gsm White qty 12 reams,12,ream,5.0,60.0,0.77,
227,O-2025-0227,PAPER-A4-170-COATEDMATTE,A4 Coated Matte 170 gsm Ivory qty 17 reams,17,ream,6.67,113.39,0.879,
228,O-2025-0228,PAPER-A4-200-UNCOATED,A4 Uncoated 200 gsm Ivory qty 42 reams,42,ream,7.76,325.92,0.914,auto-mapped
229,O-2025-0229,PAPER-A5-75-CARDSTOCK-N,A5 Cardstock 75 gsm Recycled qty 53 boxs,53,box,23.03,1220.59,0.887,auto-mapped
230,O-2025-0230,PAPER-A2-250-OFFSET,A2 Offset 250 gsm Recycled qty 41 boxs,41,box,68.25,2798.25,0.799,
231,O-2025-0231,PAPER-A5-140-COPY-I,A5 Copy 140 gsm Bright White qty 37 reams,37,ream,5.0,185.0,0.933,auto-mapped
232,O-2025-0232,PAPER-SRA3-170-COATEDMATTE-H,SRA3 Coated Matte 170 gsm Bright White qty 82 boxs,82,box,44.03,3610.46,0.911,
233,O-2025-0233,PAPER-A4-300-COPY-R,A4 Copy 300 gsm Bright White qty 15 reams,15,ream,9.4,141.0,0.959,
234,O-2025-0234,PAPER-SRA3-75-COATEDGLOSS,SRA3 Coated Gloss 75 gsm Recycled qty 38 reams,38,ream,6.92,262.96,0.889,
235,O-2025-0235,PAPER-SRA3-120-COATEDMATTE,SRA3 Coated Matte 120 gsm Recycled qty 72 boxs,72,box,35.86,2581.92,0.801,
236,O-2025-0236,PAPER-A5-140-COATEDMATTE,A5 Coated Matte 140 gsm Bright White qty 10 pallets,10,pallet,533.47,5334.7,0.785,
237,O-2025-0237,PAPER-A2-75-COATEDGLOSS-I,A2 Coated Gloss 75 gsm Recycled qty 2 pallets,2,pallet,565.48,1130.96,0.9,auto-mapped
238,O-2025-0238,PAPER-A5-70-OFFSET-M,A5 Offset 70 gsm White qty 26 reams,26,ream,4.87,126.62,0.826,auto-mapped
239,O-2025-0239,PAPER-A3-80-COPY,A3 Copy 80 gsm Recycled qty 57 boxs,57,box,27.31,1556.67,0.958,manual review suggested
240,O-2025-0240,PAPER-A4-300-OFFSET-I,A4 Offset 300 gsm Recycled qty 48 reams,48,ream,9.28,445.44,0.881,auto-mapped
241,O-2025-0241,PAPER-A4-140-COATEDGLOSS,A4 Coated Gloss 140 gsm Bright White qty 34 reams,34,ream,6.7,227.8,0.841,auto-mapped
242,O-2025-0242,PAPER-A5-90-COATEDMATTE,A5 Coated Matte 90 gsm White qty 41 reams,41,ream,4.48,183.68,0.9,
243,O-2025-0243,PAPER-SRA3-90-OFFSET,SRA3 Offset 90 gsm Ivory qty 21 reams,21,ream,6.89,144.69,0.951,auto-mapped
244,O-2025-0244,PAPER-A4-200-UNCOATED-Q,A4 Uncoated 200 gsm Ivory qty 18 reams,18,ream,7.6,136.8,0.977,auto-mapped
245,O-2025-0245,PAPER-A2-75-UNCOATED,A2 Uncoated 75 gsm White qty 19 reams,19,ream,7.44,141.36,0.88,
246,O-2025-0246,PAPER-A4-200-CARDSTOCK,A4 Cardstock 200 gsm White qty 30 reams,30,ream,7.54,226.2,0.839,
247,O-2025-0247,PAPER-A2-80-COPY,A2 Copy 80 gsm Recycled qty 5 boxs,5,box,34.98,174.9,0.758,auto-mapped
248,O-2025-0248,PAPER-SRA3-300-COATEDGLOSS-Q,SRA3 Coated Gloss 300 gsm Bright White qty 8 pallets,8,pallet,804.4,6435.2,0.923,
249,O-2025-0249,PAPER-SRA3-200-COATEDMATTE,SRA3 Coated Matte 200 gsm Recycled qty 8 reams,8,ream,11.13,89.04,0.79,auto-mapped
250,O-2025-0250,PAPER-SRA3-100-CARDSTOCK-U,SRA3 Cardstock 100 gsm White qty 8 reams,8,ream,7.37,58.96,0.851,manual review suggested
251,O-2025-0251,PAPER-A3-100-COATEDGLOSS-Q,A3 Coated Gloss 100 gsm Bright White qty 90 boxs,90,box,31.01,2790.9,0.829,manual review suggested
252,O-2025-0252,PAPER-A5-140-CARDSTOCK,A5 Cardstock 140 gsm Ivory qty 36 reams,36,ream,5.48,197.28,0.817,
253,O-2025-0253,PAPER-A5-300-COPY,A5 Copy 300 gsm Bright White qty 42 reams,42,ream,7.13,299.46,0.952,manual review suggested
254,O-2025-0254,PAPER-A4-170-COATEDGLOSS-T,A4 Coated Gloss 170 gsm Recycled qty 36 reams,36,ream,7.27,261.72,0.809,
255,O-2025-0255,PAPER-SRA3-300-COATEDGLOSS-B,SRA3 Coated Gloss 300 gsm White qty 31 reams,31,ream,14.76,457.56,0.8,
256,O-2025-0256,PAPER-SRA3-250-COATEDMATTE-H,SRA3 Coated Matte 250 gsm Ivory qty 70 boxs,70,box,55.63,3894.1,0.946,
257,O-2025-0257,PAPER-A3-140-CARDSTOCK-I,A3 Cardstock 140 gsm White qty 88 boxs,88,box,36.48,3210.24,0.75,manual review suggested
258,O-2025-0258,PAPER-A4-100-COATEDGLOSS-M,A4 Coated Gloss 100 gsm Recycled qty 2 pallets,2,pallet,532.04,1064.08,0.76,
259,O-2025-0259,PAPER-SRA3-140-CARDSTOCK,SRA3 Cardstock 140 gsm Bright White qty 49 reams,49,ream,8.65,423.85,0.921,
260,O-2025-0260,PAPER-A4-300-COPY-U,A4 Copy 300 gsm Bright White qty 15 reams,15,ream,9.85,147.75,0.939,manual review suggested
261,O-2025-0261,PAPER-SRA3-75-COATEDGLOSS,SRA3 Coated Gloss 75 gsm Recycled qty 14 reams,14,ream,6.92,96.88,0.903,
262,O-2025-0262,PAPER-A5-200-UNCOATED-C,A5 Uncoated 200 gsm Bright White qty 39 reams,39,ream,5.87,228.93,0.87,auto-mapped
263,O-2025-0263,PAPER-A4-300-OFFSET-T,A4 Offset 300 gsm Recycled qty 41 reams,41,ream,9.52,390.32,0.941,
264,O-2025-0264,PAPER-A4-140-COATEDGLOSS,A4 Coated Gloss 140 gsm Bright White qty 5 reams,5,ream,6.7,33.5,0.877,manual review suggested
265,O-2025-0265,PAPER-A3-120-COATEDGLOSS-Y,A3 Coated Gloss 120 gsm Ivory qty 37 reams,37,ream,7.83,289.71,0.935,
266,O-2025-0266,PAPER-SRA3-80-COATEDGLOSS-K,SRA3 Coated Gloss 80 gsm White qty 35 reams,35,ream,6.39,223.65,0.81,
267,O-2025-0267,PAPER-A4-300-COPY-U,A4 Copy 300 gsm Bright White qty 33 reams,33,ream,9.85,325.05,0.881,manual review suggested
268,O-2025-0268,PAPER-A4-300-COATEDGLOSS,A4 Coated Gloss 300 gsm Bright White qty 6290 sheets,6290,sheet,0.6595,4148.26,0.783,
269,O-2025-0269,PAPER-SRA3-300-COPY-B,SRA3 Copy 300 gsm White qty 4 pallets,4,pallet,772.58,3090.32,0.873,auto-mapped
270,O-2025-0270,PAPER-A4-140-COPY,A4 Copy 140 gsm Recycled qty 6 pallets,6,pallet,521.61,3129.66,0.878,auto-mapped
271,O-2025-0271,PAPER-A2-170-CARDSTOCK,A2 Cardstock 170 gsm Recycled qty 33 reams,33,ream,12.48,411.84,0.951,auto-mapped
272,O-2025-0272,PAPER-A2-120-CARDSTOCK-T,A2 Cardstock 120 gsm Ivory qty 16 reams,16,ream,9.84,157.44,0.937,
273,O-2025-0273,PAPER-SRA3-200-COPY-Z,SRA3 Copy 200 gsm Ivory qty 63 boxs,63,box,49.82,3138.66,0.852,manual review suggested
274,O-2025-0274,PAPER-A4-200-OFFSET,A4 Offset 200 gsm Recycled qty 15 reams,15,ream,7.63,114.45,0.772,
275,O-2025-0275,PAPER-A3-90-COPY-D,A3 Copy 90 gsm White qty 77 boxs,77,box,30.61,2356.97,0.762,
276,O-2025-0276,PAPER-A4-300-COATEDGLOSS-R,A4 Coated Gloss 300 gsm Ivory qty 30 reams,30,ream,9.64,289.2,0.976,
277,O-2025-0277,PAPER-A2-70-COATEDGLOSS-H,A2 Coated Gloss 70 gsm White qty 8 reams,8,ream,7.29,58.32,0.835,
278,O-2025-0278,PAPER-SRA3-120-COATEDMATTE,SRA3 Coated Matte 120 gsm Recycled qty 42 boxs,42,box,35.86,1506.12,0.83,
279,O-2025-0279,PAPER-A4-70-COPY,A4 Copy 70 gsm Recycled qty 3524 sheets,3524,sheet,0.1835,646.65,0.831,
280,O-2025-0280,PAPER-A4-90-CARDSTOCK,A4 Cardstock 90 gsm Bright White qty 39 reams,39,ream,5.53,215.67,0.887,manual review suggested
281,O-2025-0281,PAPER-A5-70-CARDSTOCK,A5 Cardstock 70 gsm Recycled qty 13 reams,13,ream,4.17,54.21,0.863,
282,O-2025-0282,PAPER-SRA3-200-OFFSET-Z,SRA3 Offset 200 gsm Recycled qty 16 reams,16,ream,11.15,178.4,0.79,auto-mapped
283,O-2025-0283,PAPER-SRA3-250-CARDSTOCK,SRA3 Cardstock 250 gsm Ivory qty 42 reams,42,ream,12.73,534.66,0.866,
284,O-2025-0284,PAPER-A4-200-COPY,A4 Copy 200 gsm Recycled qty 9 reams,9,ream,8.07,72.63,0.901,
285,O-2025-0285,PAPER-A2-200-COATEDMATTE-R,A2 Coated Matte 200 gsm Ivory qty 8 pallets,8,pallet,745.64,5965.12,0.756,manual review suggested
286,O-2025-0286,PAPER-SRA3-120-COATEDMATTE-Y,SRA3 Coated Matte 120 gsm White qty 46 reams,46,ream,7.95,365.7,0.789,
287,O-2025-0287,PAPER-SRA3-100-UNCOATED,SRA3 Uncoated 100 gsm Bright White qty 15 reams,15,ream,7.56,113.4,0.772,
288,O-2025-0288,PAPER-SRA3-70-COATEDGLOSS,SRA3 Coated Gloss 70 gsm Bright White qty 24 reams,24,ream,6.06,145.44,0.817,
289,O-2025-0289,PAPER-A2-170-OFFSET,A2 Offset 170 gsm Bright White qty 46 reams,46,ream,11.98,551.08,0.857,auto-mapped
290,O-2025-0290,PAPER-SRA3-170-CARDSTOCK,SRA3 Cardstock 170 gsm Recycled qty 48 reams,48,ream,9.98,479.04,0.847,
291,O-2025-0291,PAPER-SRA3-160-COATEDMATTE,SRA3 Coated Matte 160 gsm White qty 45 reams,45,ream,9.86,443.7,0.779,
292,O-2025-0292,PAPER-SRA3-140-CARDSTOCK,SRA3 Cardstock 140 gsm Bright White qty 6 reams,6,ream,8.65,51.9,0.876,manual review suggested
293,O-2025-0293,PAPER-A2-75-COATEDGLOSS-I,A2 Coated Gloss 75 gsm Recycled qty 10 pallets,10,pallet,565.48,5654.8,0.917,
294,O-2025-0294,PAPER-A2-170-COPY-G,A2 Copy 170 gsm Bright White qty 10 pallets,10,pallet,700.28,7002.8,0.878,auto-mapped
295,O-2025-0295,PAPER-A4-140-UNCOATED-C,A4 Uncoated 140 gsm Bright White qty 1 pallets,1,pallet,567.8,567.8,0.936,
296,O-2025-0296,PAPER-A3-90-CARDSTOCK-S,A3 Cardstock 90 gsm Bright White qty 11 reams,11,ream,6.65,73.15,0.978,
297,O-2025-0297,PAPER-A2-90-CARDSTOCK-F,A2 Cardstock 90 gsm Ivory qty 13 reams,13,ream,8.59,111.67,0.881,manual review suggested
298,O-2025-0298,PAPER-A3-250-UNCOATED,A3 Uncoated 250 gsm Bright White qty 44 boxs,44,box,51.11,2248.84,0.804,auto-mapped
299,O-2025-0299,PAPER-A2-250-COATEDMATTE-Y,A2 Coated Matte 250 gsm Ivory qty 18 boxs,18,box,67.9,1222.2,0.813,
300,O-2025-0300,PAPER-A4-300-CARDSTOCK-T,A4 Cardstock 300 gsm Bright White qty 29 reams,29,ream,9.38,272.02,0.876,
301,O-2025-0301,PAPER-A2-100-CARDSTOCK-H,A2 Cardstock 100 gsm Bright White qty 48 reams,48,ream,8.48,407.04,0.885,auto-mapped
302,O-2025-0302,PAPER-A3-300-CARDSTOCK,A3 Cardstock 300 gsm White qty 69 boxs,69,box,57.63,3976.47,0.847,
303,O-2025-0303,PAPER-SRA3-75-OFFSET,SRA3 Offset 75 gsm Bright White qty 73 boxs,73,box,28.58,2086.34,0.845,
304,O-2025-0304,PAPER-A3-300-COATEDMATTE,A3 Coated Matte 300 gsm White qty 34 reams,34,ream,12.99,441.66,0.888,
305,O-2025-0305,PAPER-A5-75-CARDSTOCK,A5 Cardstock 75 gsm Ivory qty 40 reams,40,ream,4.51,180.4,0.753,auto-mapped
306,O-2025-0306,PAPER-A4-100-COATEDGLOSS-M,A4 Coated Gloss 100 gsm Recycled qty 2 pallets,2,pallet,532.04,1064.08,0.807,auto-mapped
307,O-2025-0307,PAPER-A4-170-COATEDMATTE,A4 Coated Matte 170 gsm Ivory qty 6 reams,6,ream,6.67,40.02,0.752,
308,O-2025-0308,PAPER-SRA3-70-UNCOATED,SRA3 Uncoated 70 gsm Ivory qty 21 reams,21,ream,6.12,128.52,0.927,
309,O-2025-0309,PAPER-A3-300-COATEDGLOSS,A3 Coated Gloss 300 gsm White qty 13 rolls,13,roll,65.09,846.17,0.754,auto-mapped
310,O-2025-0310,PAPER-A4-100-COATEDGLOSS,A4 Coated Gloss 100 gsm Ivory qty 39 boxs,39,box,26.22,1022.58,0.939,auto-mapped
311,O-2025-0311,PAPER-SRA3-250-CARDSTOCK,SRA3 Cardstock 250 gsm Ivory qty 40 reams,40,ream,12.73,509.2,0.972,manual review suggested
312,O-2025-0312,PAPER-A2-75-COATEDGLOSS-I,A2 Coated Gloss 75 gsm Recycled qty 3 pallets,3,pallet,565.48,1696.44,0.859,manual review suggested
313,O-2025-0313,PAPER-SRA3-120-OFFSET,SRA3 Offset 120 gsm Bright White qty 34 reams,34,ream,8.45,287.3,0.918,
314,O-2025-0314,PAPER-A3-200-COATEDGLOSS,A3 Coated Gloss 200 gsm White qty 28 boxs,28,box,43.94,1230.32,0.884,
315,O-2025-0315,PAPER-SRA3-250-CARDSTOCK,SRA3 Cardstock 250 gsm Ivory qty 16 reams,16,ream,12.73,203.68,0.845,manual review suggested
316,O-2025-0316,PAPER-SRA3-100-OFFSET,SRA3 Offset 100 gsm Bright White qty 3 pallets,3,pallet,550.4,1651.2,0.856,
317,O-2025-0317,PAPER-A3-80-COATEDMATTE-H,A3 Coated Matte 80 gsm White qty 5 reams,5,ream,6.3,31.5,0.866,manual review suggested
318,O-2025-0318,PAPER-A5-100-COATEDMATTE-P,A5 Coated Matte 100 gsm Ivory qty 26 boxs,26,box,22.92,595.92,0.807,
319,O-2025-0319,PAPER-A4-140-UNCOATED,A4 Uncoated 140 gsm White qty 20 reams,20,ream,6.27,125.4,0.841,
320,O-2025-0320,PAPER-SRA3-160-UNCOATED,SRA3 Uncoated 160 gsm Bright White qty 77 boxs,77,box,43.53,3351.81,0.835,
321,O-2025-0321,PAPER-A4-80-OFFSET-U,A4 Offset 80 gsm Bright White qty 6 reams,6,ream,5.64,33.84,0.955,manual review suggested
322,O-2025-0322,PAPER-A3-75-COATEDMATTE-H,A3 Coated Matte 75 gsm Ivory qty 13 reams,13,ream,5.94,77.22,0.81,
323,O-2025-0323,PAPER-A5-120-COPY,A5 Copy 120 gsm Recycled qty 44 reams,44,ream,5.23,230.12,0.967,
324,O-2025-0324,PAPER-A4-300-COPY,A4 Copy 300 gsm Bright White qty 11 rolls,11,roll,54.8,602.8,0.92,
325,O-2025-0325,PAPER-A5-170-OFFSET-O,A5 Offset 170 gsm Recycled qty 5 reams,5,ream,5.34,26.7,0.931,manual review suggested
326,O-2025-0326,PAPER-A3-140-CARDSTOCK-I,A3 Cardstock 140 gsm White qty 61 boxs,61,box,36.48,2225.28,0.772,
327,O-2025-0327,PAPER-A3-80-COPY-J,A3 Copy 80 gsm Bright White qty 32 reams,32,ream,5.91,189.12,0.902,
328,O-2025-0328,PAPER-A3-90-COPY-Y,A3 Copy 90 gsm Ivory qty 18 reams,18,ream,6.61,118.98,0.932,auto-mapped
329,O-2025-0329,PAPER-A4-300-UNCOATED,A4 Uncoated 300 gsm Ivory qty 27 boxs,27,box,41.11,1109.97,0.865,manual review suggested
330,O-2025-0330,PAPER-A3-80-UNCOATED,A3 Uncoated 80 gsm Recycled qty 30 reams,30,ream,6.3,189.0,0.917,
331,O-2025-0331,PAPER-A4-160-UNCOATED-J,A4 Uncoated 160 gsm Bright White qty 34 reams,34,ream,6.85,232.9,0.78,manual review suggested
332,O-2025-0332,PAPER-A5-90-UNCOATED,A5 Uncoated 90 gsm White qty 26 reams,26,ream,4.72,122.72,0.957,
333,O-2025-0333,PAPER-SRA3-80-COATEDGLOSS,SRA3 Coated Gloss 80 gsm Bright White qty 26 reams,26,ream,6.72,174.72,0.906,
334,O-2025-0334,PAPER-A2-70-COPY,A2 Copy 70 gsm White qty 9 pallets,9,pallet,576.46,5188.14,0.949,manual review suggested
335,O-2025-0335,PAPER-A3-250-OFFSET,A3 Offset 250 gsm White qty 31 boxs,31,box,51.49,1596.19,0.857,manual review suggested
336,O-2025-0336,PAPER-A4-200-OFFSET,A4 Offset 200 gsm Recycled qty 39 reams,39,ream,7.63,297.57,0.851,
337,O-2025-0337,PAPER-SRA3-120-COATEDMATTE,SRA3 Coated Matte 120 gsm Recycled qty 69 boxs,69,box,35.86,2474.34,0.883,
338,O-2025-0338,PAPER-A3-120-OFFSET,A3 Offset 120 gsm Recycled qty 7 pallets,7,pallet,572.97,4010.79,0.877,auto-mapped
339,O-2025-0339,PAPER-A2-120-COPY,A2 Copy 120 gsm Bright White qty 44 reams,44,ream,9.68,425.92,0.778,
340,O-2025-0340,PAPER-A2-75-COATEDMATTE,A2 Coated Matte 75 gsm Recycled qty 19 reams,19,ream,7.55,143.45,0.855,
341,O-2025-0341,PAPER-SRA3-100-COATEDGLOSS-O,SRA3 Coated Gloss 100 gsm Recycled qty 6 reams,6,ream,7.01,42.06,0.973,manual review suggested
342,O-2025-0342,PAPER-SRA3-120-COATEDGLOSS,SRA3 Coated Gloss 120 gsm Bright White qty 87 boxs,87,box,35.59,3096.33,0.958,
343,O-2025-0343,PAPER-A3-75-COPY-O,A3 Copy 75 gsm White qty 8 pallets,8,pallet,523.6,4188.8,0.949,manual review suggested
344,O-2025-0344,PAPER-A3-75-UNCOATED-E,A3 Uncoated 75 gsm Ivory qty 15 rolls,15,roll,42.88,643.2,0.964,
345,O-2025-0345,PAPER-A5-250-CARDSTOCK-A,A5 Cardstock 250 gsm Bright White qty 44 reams,44,ream,6.53,287.32,0.973,
346,O-2025-0346,PAPER-A3-170-UNCOATED-P,A3 Uncoated 170 gsm Ivory qty 2 boxs,2,box,40.73,81.46,0.853,manual review suggested
347,O-2025-0347,PAPER-A5-170-UNCOATED,A5 Uncoated 170 gsm White qty 23 boxs,23,box,25.57,588.11,0.767,auto-mapped
348,O-2025-0348,PAPER-A4-160-UNCOATED-J,A4 Uncoated 160 gsm Bright White qty 13 reams,13,ream,6.85,89.05,0.928,auto-mapped
349,O-2025-0349,PAPER-A3-90-COPY,A3 Copy 90 gsm Recycled qty 9 pallets,9,pallet,566.75,5100.75,0.921,
350,O-2025-0350,PAPER-A5-75-OFFSET,A5 Offset 75 gsm Ivory qty 89 boxs,89,box,21.66,1927.74,0.798,manual review suggested
351,O-2025-0351,PAPER-SRA3-100-COATEDMATTE,SRA3 Coated Matte 100 gsm Bright White qty 17 reams,17,ream,7.27,123.59,0.889,manual review suggested
352,O-2025-0352,PAPER-SRA3-200-COPY,SRA3 Copy 200 gsm Ivory qty 14 boxs,14,box,49.77,696.78,0.772,auto-mapped
353,O-2025-0353,PAPER-SRA3-100-COATEDGLOSS-O,SRA3 Coated Gloss 100 gsm Recycled qty 13 reams,13,ream,7.01,91.13,0.961,
354,O-2025-0354,PAPER-A4-170-COATEDGLOSS-T,A4 Coated Gloss 170 gsm Recycled qty 5 reams,5,ream,7.27,36.35,0.8,manual review suggested
355,O-2025-0355,PAPER-A4-200-COPY,A4 Copy 200 gsm Recycled qty 26 reams,26,ream,8.07,209.82,0.786,
356,O-2025-0356,PAPER-A5-75-CARDSTOCK,A5 Cardstock 75 gsm Ivory qty 26 reams,26,ream,4.51,117.26,0.802,
357,O-2025-0357,PAPER-A4-75-UNCOATED,A4 Uncoated 75 gsm Ivory qty 24 reams,24,ream,5.4,129.6,0.875,
358,O-2025-0358,PAPER-A5-120-OFFSET,A5 Offset 120 gsm Bright White qty 11 boxs,11,box,25.06,275.66,0.798,auto-mapped
359,O-2025-0359,PAPER-A2-200-COATEDGLOSS,A2 Coated Gloss 200 gsm Bright White qty 12 reams,12,ream,13.75,165.0,0.877,
360,O-2025-0360,PAPER-A2-70-COATEDGLOSS-G,A2 Coated Gloss 70 gsm White qty 49 reams,49,ream,7.43,364.07,0.86,
361,O-2025-0361,PAPER-A2-250-CARDSTOCK,A2 Cardstock 250 gsm Ivory qty 21 reams,21,ream,15.76,330.96,0.908,
362,O-2025-0362,PAPER-A2-300-COATEDGLOSS,A2 Coated Gloss 300 gsm White qty 27 boxs,27,box,78.39,2116.53,0.877,
363,O-2025-0363,PAPER-A2-75-COPY,A2 Copy 75 gsm White qty 4 pallets,4,pallet,598.08,2392.32,0.837,
364,O-2025-0364,PAPER-A5-90-OFFSET,A5 Offset 90 gsm White qty 20 reams,20,ream,4.81,96.2,0.913,
365,O-2025-0365,PAPER-A2-120-CARDSTOCK-T,A2 Cardstock 120 gsm Ivory qty 25 reams,25,ream,9.84,246.0,0.937,
366,O-2025-0366,PAPER-A3-170-COATEDMATTE,A3 Coated Matte 170 gsm Recycled qty 3 pallets,3,pallet,643.97,1931.91,0.908,manual review suggested
367,O-2025-0367,PAPER-A4-300-COATEDGLOSS-R,A4 Coated Gloss 300 gsm Ivory qty 8 reams,8,ream,9.64,77.12,0.838,
368,O-2025-0368,PAPER-A5-170-COPY,A5 Copy 170 gsm Ivory qty 41 reams,41,ream,5.3,217.3,0.952,manual review suggested
369,O-2025-0369,PAPER-A4-160-UNCOATED-J,A4 Uncoated 160 gsm Bright White qty 38 reams,38,ream,6.85,260.3,0.947,auto-mapped
370,O-2025-0370,PAPER-A4-70-COPY,A4 Copy 70 gsm Recycled qty 6788 sheets,6788,sheet,0.1835,1245.6,0.795,auto-mapped
371,O-2025-0371,PAPER-SRA3-300-COATEDGLOSS,SRA3 Coated Gloss 300 gsm Recycled qty 22 reams,22,ream,15.15,333.3,0.827,
372,O-2025-0372,PAPER-A5-70-CARDSTOCK,A5 Cardstock 70 gsm Recycled qty 15 reams,15,ream,4.17,62.55,0.915,auto-mapped
373,O-2025-0373,PAPER-SRA3-80-COATEDGLOSS-K,SRA3 Coated Gloss 80 gsm White qty 22 reams,22,ream,6.39,140.58,0.978,
374,O-2025-0374,PAPER-A2-160-COATEDMATTE,A2 Coated Matte 160 gsm White qty 49 reams,49,ream,11.53,564.97,0.751,manual review suggested
375,O-2025-0375,PAPER-SRA3-80-COATEDGLOSS,SRA3 Coated Gloss 80 gsm Bright White qty 42 reams,42,ream,6.72,282.24,0.756,
376,O-2025-0376,PAPER-A3-80-UNCOATED-M,A3 Uncoated 80 gsm Ivory qty 71 boxs,71,box,28.93,2054.03,0.894,
377,O-2025-0377,PAPER-SRA3-250-UNCOATED,SRA3 Uncoated 250 gsm Ivory qty 25 boxs,25,box,55.96,1399.0,0.776,
378,O-2025-0378,PAPER-A4-120-UNCOATED,A4 Uncoated 120 gsm Ivory qty 40 reams,40,ream,5.78,231.2,0.89,
379,O-2025-0379,PAPER-A2-140-COATEDMATTE,A2 Coated Matte 140 gsm Bright White qty 18 reams,18,ream,10.68,192.24,0.773,auto-mapped
380,O-2025-0380,PAPER-A2-200-CARDSTOCK,A2 Cardstock 200 gsm Recycled qty 43 boxs,43,box,58.73,2525.39,0.946,
381,O-2025-0381,PAPER-A2-75-COATEDGLOSS-I,A2 Coated Gloss 75 gsm Recycled qty 7 pallets,7,pallet,565.48,3958.36,0.917,manual review suggested
382,O-2025-0382,PAPER-A5-160-COPY-N,A5 Copy 160 gsm Ivory qty 5 pallets,5,pallet,536.9,2684.5,0.898,
383,O-2025-0383,PAPER-A2-75-UNCOATED,A2 Uncoated 75 gsm White qty 12 reams,12,ream,7.44,89.28,0.848,manual review suggested
384,O-2025-0384,PAPER-SRA3-300-OFFSET,SRA3 Offset 300 gsm Bright White qty 9 pallets,9,pallet,830.84,7477.56,0.843,
385,O-2025-0385,PAPER-A2-170-COPY-U,A2 Copy 170 gsm White qty 7 reams,7,ream,12.4,86.8,0.781,
386,O-2025-0386,PAPER-A2-80-OFFSET-B,A2 Offset 80 gsm Bright White qty 28 reams,28,ream,7.95,222.6,0.85,auto-mapped
387,O-2025-0387,PAPER-A2-160-COATEDMATTE-U,A2 Coated Matte 160 gsm White qty 40 reams,40,ream,11.37,454.8,0.824,
388,O-2025-0388,PAPER-A3-70-UNCOATED,A3 Uncoated 70 gsm Ivory qty 42 reams,42,ream,6.08,255.36,0.855,manual review suggested
389,O-2025-0389,PAPER-A5-100-UNCOATED,A5 Uncoated 100 gsm Recycled qty 5 reams,5,ream,5.26,26.3,0.862,
390,O-2025-0390,PAPER-A4-300-COPY-U,A4 Copy 300 gsm Bright White qty 26 reams,26,ream,9.85,256.1,0.975,auto-mapped
391,O-2025-0391,PAPER-A3-75-COATEDGLOSS-D,A3 Coated Gloss 75 gsm White qty 18 boxs,18,box,26.66,479.88,0.792,
392,O-2025-0392,PAPER-SRA3-200-COATEDMATTE-J,SRA3 Coated Matte 200 gsm White qty 16 reams,16,ream,11.47,183.52,0.865,auto-mapped
393,O-2025-0393,PAPER-A2-75-UNCOATED-M,A2 Uncoated 75 gsm Ivory qty 24 boxs,24,box,32.19,772.56,0.979,manual review suggested
394,O-2025-0394,PAPER-A5-200-COATEDGLOSS-J,A5 Coated Gloss 200 gsm Ivory qty 26 reams,26,ream,5.89,153.14,0.798,manual review suggested
395,O-2025-0395,PAPER-A3-300-UNCOATED,A3 Uncoated 300 gsm White qty 41 reams,41,ream,13.26,543.66,0.756,
396,O-2025-0396,PAPER-A5-80-COATEDGLOSS-T,A5 Coated Gloss 80 gsm Bright White qty 5 reams,5,ream,4.77,23.85,0.967,auto-mapped
397,O-2025-0397,PAPER-A4-300-OFFSET-Y,A4 Offset 300 gsm Bright White qty 17 reams,17,ream,9.57,162.69,0.888,manual review suggested
398,O-2025-0398,PAPER-A3-120-COATEDMATTE,A3 Coated Matte 120 gsm Bright White qty 100 boxs,100,box,32.67,3267.0,0.881,
399,O-2025-0399,PAPER-A4-300-COATEDGLOSS,A4 Coated Gloss 300 gsm Bright White qty 1310 sheets,1310,sheet,0.6595,863.94,0.979,
400,O-2025-0400,PAPER-A5-200-UNCOATED-C,A5 Uncoated 200 gsm Bright White qty 26 reams,26,ream,5.87,152.62,0.82,auto-mapped
401,O-2025-0401,PAPER-SRA3-200-COATEDMATTE-J,SRA3 Coated Matte 200 gsm White qty 34 reams,34,ream,11.47,389.98,0.904,
402,O-2025-0402,PAPER-A3-200-CARDSTOCK-N,A3 Cardstock 200 gsm White qty 16 boxs,16,box,44.63,714.08,0.901,manual review suggested
403,O-2025-0403,PAPER-A2-250-CARDSTOCK-V,A2 Cardstock 250 gsm White qty 64 boxs,64,box,69.07,4420.48,0.916,
404,O-2025-0404,PAPER-A3-80-COATEDMATTE-H,A3 Coated Matte 80 gsm White qty 10 reams,10,ream,6.3,63.0,0.855,manual review suggested
405,O-2025-0405,PAPER-A4-120-UNCOATED-O,A4 Uncoated 120 gsm White qty 31 reams,31,ream,5.71,177.01,0.875,
406,O-2025-0406,PAPER-A3-75-COPY-O,A3 Copy 75 gsm White qty 5 pallets,5,pallet,523.6,2618.0,0.854,
407,O-2025-0407,PAPER-A2-140-CARDSTOCK,A2 Cardstock 140 gsm Recycled qty 6 reams,6,ream,10.41,62.46,0.779,
408,O-2025-0408,PAPER-SRA3-200-OFFSET,SRA3 Offset 200 gsm Ivory qty 27 reams,27,ream,11.03,297.81,0.864,
409,O-2025-0409,PAPER-A5-70-CARDSTOCK,A5 Cardstock 70 gsm Recycled qty 31 reams,31,ream,4.17,129.27,0.889,manual review suggested
410,O-2025-0410,PAPER-A5-90-COATEDMATTE,A5 Coated Matte 90 gsm White qty 6 reams,6,ream,4.48,26.88,0.868,
411,O-2025-0411,PAPER-SRA3-250-UNCOATED,SRA3 Uncoated 250 gsm Ivory qty 43 boxs,43,box,55.96,2406.28,0.873,auto-mapped
412,O-2025-0412,PAPER-A4-80-COATEDMATTE,A4 Coated Matte 80 gsm White qty 13 reams,13,ream,5.45,70.85,0.889,manual review suggested
413,O-2025-0413,PAPER-A4-300-COPY,A4 Copy 300 gsm Bright White qty 4 rolls,4,roll,54.8,219.2,0.943,
414,O-2025-0414,PAPER-A3-90-CARDSTOCK,A3 Cardstock 90 gsm Recycled qty 37 reams,37,ream,6.44,238.28,0.92,auto-mapped
415,O-2025-0415,PAPER-SRA3-100-COATEDGLOSS-D,SRA3 Coated Gloss 100 gsm White qty 49 reams,49,ream,7.7,377.3,0.96,
416,O-2025-0416,PAPER-A3-250-COATEDGLOSS-J,A3 Coated Gloss 250 gsm White qty 45 reams,45,ream,12.0,540.0,0.94,manual review suggested
417,O-2025-0417,PAPER-SRA3-140-CARDSTOCK-D,SRA3 Cardstock 140 gsm Recycled qty 74 boxs,74,box,40.52,2998.48,0.959,
418,O-2025-0418,PAPER-A4-300-COATEDGLOSS-A,A4 Coated Gloss 300 gsm White qty 5 boxs,5,box,41.84,209.2,0.937,auto-mapped
419,O-2025-0419,PAPER-A4-90-CARDSTOCK,A4 Cardstock 90 gsm Bright White qty 15 reams,15,ream,5.53,82.95,0.814,auto-mapped
420,O-2025-0420,PAPER-A2-100-COATEDMATTE-W,A2 Coated Matte 100 gsm Bright White qty 13 reams,13,ream,8.3,107.9,0.767,
421,O-2025-0421,PAPER-A3-170-COATEDGLOSS-W,A3 Coated Gloss 170 gsm Ivory qty 13 reams,13,ream,8.9,115.7,0.772,manual review suggested
422,O-2025-0422,PAPER-A4-90-UNCOATED,A4 Uncoated 90 gsm Bright White qty 48 reams,48,ream,5.17,248.16,0.869,auto-mapped
423,O-2025-0423,PAPER-A5-140-UNCOATED,A5 Uncoated 140 gsm Ivory qty 31 reams,31,ream,5.17,160.27,0.814,
424,O-2025-0424,PAPER-A4-250-COATEDMATTE,A4 Coated Matte 250 gsm Ivory qty 23 reams,23,ream,8.99,206.77,0.809,
425,O-2025-0425,PAPER-A3-170-COATEDMATTE-S,A3 Coated Matte 170 gsm Bright White qty 21 reams,21,ream,9.23,193.83,0.758,
426,O-2025-0426,PAPER-A5-75-COATEDMATTE-R,A5 Coated Matte 75 gsm Bright White qty 7 reams,7,ream,4.1,28.7,0.915,
427,O-2025-0427,PAPER-A2-100-COATEDMATTE-W,A2 Coated Matte 100 gsm Bright White qty 32 reams,32,ream,8.3,265.6,0.848,manual review suggested
428,O-2025-0428,PAPER-A5-75-COATEDMATTE-P,A5 Coated Matte 75 gsm Bright White qty 41 reams,41,ream,4.15,170.15,0.962,
429,O-2025-0429,PAPER-A2-100-COATEDGLOSS,A2 Coated Gloss 100 gsm White qty 20 boxs,20,box,37.53,750.6,0.794,auto-mapped
430,O-2025-0430,PAPER-A5-170-COPY-V,A5 Copy 170 gsm White qty 4 pallets,4,pallet,494.11,1976.44,0.795,auto-mapped
431,O-2025-0431,PAPER-SRA3-200-COPY-D,SRA3 Copy 200 gsm Ivory qty 45 reams,45,ream,11.33,509.85,0.885,
432,O-2025-0432,PAPER-A3-120-COATEDGLOSS,A3 Coated Gloss 120 gsm White qty 41 reams,41,ream,7.17,293.97,0.843,
433,O-2025-0433,PAPER-SRA3-250-COATEDMATTE,SRA3 Coated Matte 250 gsm Bright White qty 2 boxs,2,box,56.04,112.08,0.759,
434,O-2025-0434,PAPER-SRA3-170-COATEDMATTE-H,SRA3 Coated Matte 170 gsm Bright White qty 27 boxs,27,box,44.03,1188.81,0.937,
435,O-2025-0435,PAPER-A4-200-COPY,A4 Copy 200 gsm Recycled qty 50 reams,50,ream,8.07,403.5,0.801,manual review suggested
436,O-2025-0436,PAPER-A5-100-COATEDMATTE-P,A5 Coated Matte 100 gsm Ivory qty 89 boxs,89,box,22.92,2039.88,0.876,
437,O-2025-0437,PAPER-A3-170-COATEDGLOSS-W,A3 Coated Gloss 170 gsm Ivory qty 39 reams,39,ream,8.9,347.1,0.936,
438,O-2025-0438,PAPER-A4-170-UNCOATED-Y,A4 Uncoated 170 gsm Recycled qty 93 boxs,93,box,31.48,2927.64,0.874,
439,O-2025-0439,PAPER-A3-120-OFFSET,A3 Offset 120 gsm Recycled qty 7 pallets,7,pallet,572.97,4010.79,0.826,
440,O-2025-0440,PAPER-SRA3-100-CARDSTOCK,SRA3 Cardstock 100 gsm Ivory qty 20 boxs,20,box,34.31,686.2,0.886,
441,O-2025-0441,PAPER-SRA3-140-CARDSTOCK,SRA3 Cardstock 140 gsm Bright White qty 13 reams,13,ream,8.65,112.45,0.937,
442,O-2025-0442,PAPER-A2-160-OFFSET,A2 Offset 160 gsm Bright White qty 28 boxs,28,box,49.87,1396.36,0.833,auto-mapped
443,O-2025-0443,PAPER-A4-80-COATEDMATTE,A4 Coated Matte 80 gsm White qty 24 reams,24,ream,5.45,130.8,0.869,
444,O-2025-0444,PAPER-A5-170-COPY,A5 Copy 170 gsm Ivory qty 28 reams,28,ream,5.3,148.4,0.979,
445,O-2025-0445,PAPER-A3-75-UNCOATED,A3 Uncoated 75 gsm White qty 6 pallets,6,pallet,536.55,3219.3,0.879,auto-mapped
446,O-2025-0446,PAPER-A4-75-COATEDMATTE,A4 Coated Matte 75 gsm Ivory qty 20 boxs,20,box,24.67,493.4,0.805,auto-mapped
447,O-2025-0447,PAPER-A4-250-OFFSET,A4 Offset 250 gsm White qty 42 reams,42,ream,8.7,365.4,0.803,
448,O-2025-0448,PAPER-A3-80-OFFSET-B,A3 Offset 80 gsm Bright White qty 21 reams,21,ream,5.8,121.8,0.953,
449,O-2025-0449,PAPER-SRA3-75-COATEDMATTE-J,SRA3 Coated Matte 75 gsm Recycled qty 13 reams,13,ream,6.07,78.91,0.96,manual review suggested
450,O-2025-0450,PAPER-A3-200-OFFSET,A3 Offset 200 gsm Ivory qty 6 pallets,6,pallet,650.69,3904.14,0.926,manual review suggested
451,O-2025-0451,PAPER-A5-100-COATEDMATTE,A5 Coated Matte 100 gsm Ivory qty 89 boxs,89,box,23.22,2066.58,0.884,manual review suggested
452,O-2025-0452,PAPER-A2-80-COATEDMATTE,A2 Coated Matte 80 gsm Bright White qty 36 reams,36,ream,7.38,265.68,0.75,auto-mapped
453,O-2025-0453,PAPER-A3-160-CARDSTOCK,A3 Cardstock 160 gsm White qty 2 rolls,2,roll,49.5,99.0,0.813,
454,O-2025-0454,PAPER-A2-200-COATEDMATTE,A2 Coated Matte 200 gsm Recycled qty 15 reams,15,ream,13.45,201.75,0.833,
455,O-2025-0455,PAPER-SRA3-120-OFFSET,SRA3 Offset 120 gsm Bright White qty 10 reams,10,ream,8.45,84.5,0.809,
456,O-2025-0456,PAPER-A3-170-UNCOATED,A3 Uncoated 170 gsm Recycled qty 12 reams,12,ream,9.52,114.24,0.888,manual review suggested
457,O-2025-0457,PAPER-A5-75-CARDSTOCK,A5 Cardstock 75 gsm Ivory qty 7 reams,7,ream,4.51,31.57,0.788,
458,O-2025-0458,PAPER-A4-160-UNCOATED-J,A4 Uncoated 160 gsm Bright White qty 21 reams,21,ream,6.85,143.85,0.86,auto-mapped
459,O-2025-0459,PAPER-A4-140-UNCOATED-C,A4 Uncoated 140 gsm Bright White qty 3 pallets,3,pallet,567.8,1703.4,0.861,
460,O-2025-0460,PAPER-A3-140-CARDSTOCK-I,A3 Cardstock 140 gsm White qty 95 boxs,95,box,36.48,3465.6,0.87,auto-mapped
461,O-2025-0461,PAPER-A2-250-CARDSTOCK,A2 Cardstock 250 gsm Ivory qty 31 reams,31,ream,15.76,488.56,0.796,
462,O-2025-0462,PAPER-A5-90-COPY,A5 Copy 90 gsm Bright White qty 36 reams,36,ream,4.85,174.6,0.768,manual review suggested
463,O-2025-0463,PAPER-A2-90-CARDSTOCK-F,A2 Cardstock 90 gsm Ivory qty 20 reams,20,ream,8.59,171.8,0.906,
464,O-2025-0464,PAPER-A5-160-COPY-N,A5 Copy 160 gsm Ivory qty 4 pallets,4,pallet,536.9,2147.6,0.843,
465,O-2025-0465,PAPER-SRA3-300-COATEDGLOSS,SRA3 Coated Gloss 300 gsm Recycled qty 45 reams,45,ream,15.15,681.75,0.814,
466,O-2025-0466,PAPER-SRA3-100-UNCOATED,SRA3 Uncoated 100 gsm Bright White qty 22 reams,22,ream,7.56,166.32,0.772,
467,O-2025-0467,PAPER-A2-70-UNCOATED-C,A2 Uncoated 70 gsm Bright White qty 13 boxs,13,box,31.73,412.49,0.777,manual review suggested
468,O-2025-0468,PAPER-SRA3-160-OFFSET-M,SRA3 Offset 160 gsm Bright White qty 42 boxs,42,box,41.8,1755.6,0.838,auto-mapped
469,O-2025-0469,PAPER-A4-300-OFFSET-I,A4 Offset 300 gsm Recycled qty 14 reams,14,ream,9.28,129.92,0.818,manual review suggested
470,O-2025-0470,PAPER-A5-90-OFFSET-H,A5 Offset 90 gsm White qty 72 boxs,72,box,21.64,1558.08,0.826,
471,O-2025-0471,PAPER-A4-100-CARDSTOCK,A4 Cardstock 100 gsm Bright White qty 21 reams,21,ream,5.32,111.72,0.855,
472,O-2025-0472,PAPER-A3-80-CARDSTOCK,A3 Cardstock 80 gsm White qty 21 reams,21,ream,5.79,121.59,0.893,
473,O-2025-0473,PAPER-A4-160-CARDSTOCK,A4 Cardstock 160 gsm Bright White qty 44 reams,44,ream,7.12,313.28,0.954,manual review suggested
474,O-2025-0474,PAPER-SRA3-90-OFFSET,SRA3 Offset 90 gsm Ivory qty 8 reams,8,ream,6.89,55.12,0.975,
475,O-2025-0475,PAPER-SRA3-200-COPY,SRA3 Copy 200 gsm Ivory qty 78 boxs,78,box,49.77,3882.06,0.827,
476,O-2025-0476,PAPER-SRA3-90-COATEDGLOSS,SRA3 Coated Gloss 90 gsm Ivory qty 14 reams,14,ream,7.27,101.78,0.795,auto-mapped
477,O-2025-0477,PAPER-A5-80-OFFSET,A5 Offset 80 gsm Ivory qty 65 boxs,65,box,21.46,1394.9,0.972,auto-mapped
478,O-2025-0478,PAPER-A3-90-OFFSET,A3 Offset 90 gsm Bright White qty 17 reams,17,ream,6.34,107.78,0.819,
479,O-2025-0479,PAPER-A3-160-COATEDMATTE-J,A3 Coated Matte 160 gsm Recycled qty 54 boxs,54,box,39.21,2117.34,0.849,
480,O-2025-0480,PAPER-A3-250-COPY-V,A3 Copy 250 gsm Bright White qty 30 reams,30,ream,12.05,361.5,0.848,auto-mapped
481,O-2025-0481,PAPER-A4-80-OFFSET-U,A4 Offset 80 gsm Bright White qty 19 reams,19,ream,5.64,107.16,0.909,
482,O-2025-0482,PAPER-A5-300-COPY,A5 Copy 300 gsm Bright White qty 34 reams,34,ream,7.13,242.42,0.819,auto-mapped
483,O-2025-0483,PAPER-SRA3-90-COATEDGLOSS,SRA3 Coated Gloss 90 gsm Ivory qty 17 reams,17,ream,7.27,123.59,0.752,auto-mapped
484,O-2025-0484,PAPER-A3-170-UNCOATED-G,A3 Uncoated 170 gsm Bright White qty 12 reams,12,ream,8.94,107.28,0.837,auto-mapped
485,O-2025-0485,PAPER-SRA3-170-COATEDMATTE-H,SRA3 Coated Matte 170 gsm Bright White qty 8 boxs,8,box,44.03,352.24,0.943,
486,O-2025-0486,PAPER-A4-70-COATEDGLOSS,A4 Coated Gloss 70 gsm Recycled qty 80 boxs,80,box,23.04,1843.2,0.876,auto-mapped
487,O-2025-0487,PAPER-A5-170-UNCOATED,A5 Uncoated 170 gsm White qty 50 boxs,50,box,25.57,1278.5,0.909,
488,O-2025-0488,PAPER-A4-100-CARDSTOCK-A,A4 Cardstock 100 gsm Recycled qty 2 pallets,2,pallet,523.21,1046.42,0.922,
489,O-2025-0489,PAPER-A3-75-UNCOATED-Z,A3 Uncoated 75 gsm White qty 37 reams,37,ream,6.06,224.22,0.953,
490,O-2025-0490,PAPER-A3-140-CARDSTOCK,A3 Cardstock 140 gsm Bright White qty 49 reams,49,ream,8.37,410.13,0.81,
491,O-2025-0491,PAPER-SRA3-160-UNCOATED-P,SRA3 Uncoated 160 gsm Bright White qty 17 reams,17,ream,9.68,164.56,0.878,
492,O-2025-0492,PAPER-A4-80-COPY-G,A4 Copy 80 gsm Bright White qty 19 reams,19,ream,4.84,91.96,0.821,
493,O-2025-0493,PAPER-A4-200-COATEDMATTE,A4 Coated Matte 200 gsm Bright White qty 3 pallets,3,pallet,578.2,1734.6,0.871,
494,O-2025-0494,PAPER-A2-120-COPY-P,A2 Copy 120 gsm White qty 45 reams,45,ream,9.24,415.8,0.796,manual review suggested
495,O-2025-0495,PAPER-A2-100-COATEDMATTE-W,A2 Coated Matte 100 gsm Bright White qty 44 reams,44,ream,8.3,365.2,0.843,auto-mapped
496,O-2025-0496,PAPER-A5-80-COATEDGLOSS,A5 Coated Gloss 80 gsm White qty 4 pallets,4,pallet,494.02,1976.08,0.82,
497,O-2025-0497,PAPER-A3-250-COATEDGLOSS,A3 Coated Gloss 250 gsm Recycled qty 7 pallets,7,pallet,711.21,4978.47,0.953,auto-mapped
498,O-2025-0498,PAPER-A3-250-OFFSET,A3 Offset 250 gsm White qty 66 boxs,66,box,51.49,3398.34,0.834,
499,O-2025-0499,PAPER-SRA3-200-UNCOATED,SRA3 Uncoated 200 gsm Ivory qty 49 reams,49,ream,10.92,535.08,0.881,
500,O-2025-0500,PAPER-A4-250-COATEDMATTE,A4 Coated Matte 250 gsm Ivory qty 35 reams,35,ream,8.99,314.65,0.754,auto-mapped
